id_cp_interaction,partner_a,partner_b,protein_name_a,protein_name_b,annotation_strategy,source
CPI-CC0041E1D30,IL12,IL12 receptor,,,curated,uniprot
CPI-CC0104F2A96,ACVR_1B2A receptor,Activin ligand ab,,,curated,PMID: 22710174 & rndsystem webpage; PMID: 22991378
CPI-CC045C36F28,ACVR_1A2A receptor,Activin ligand ab,,,curated,less common binding; PMID: 22710174; PMID: 22991378  & rndsystem webpage
CPI-CC051643E98,IL23,IL23 receptor,,,curated,uniprot
CPI-CC072007F09,ACVR_1B2B receptor,Activin ligand ab,,,curated,PMID: 22710174 & rndsystem webpage; PMID: 22991378
CPI-CC08A4A83F1,aMb2 complex,fibrinogen,,,curated,uniprot
CPI-CC0947744F4,ACVR_1C2A receptor,Activin ligand ab,,,curated,PMID: 22710174 & rndsystem webpage; PMID: 22991378
CPI-CC09863F59B,ACVR_1A2B receptor,Activin ligand ab,,,curated,less common binding; PMID: 22710174; PMID: 22991378  & rndsystem webpage
CPI-CC09BCDA08E,IL27,IL27 receptor,,,curated,uniprot
CPI-CC0B39F327D,IL17 AF,IL17 receptor AC,,,curated,uniprot
CPI-CC0B6E6E341,ACVR_1C2B receptor,Activin ligand ab,,,curated,PMID: 22710174 & rndsystem webpage; PMID: 22991378
CPI-CC0C3ECBD1F,IL35,IL35 receptor,,,curated,uniprot
CPI-CC0D5F9D20F,a2Bb3 complex,fibrinogen,,,curated,uniprot
CPI-CC0F3691D07,aXb2 complex,fibrinogen,,,curated,uniprot
CPI-CS0007697A7,NKG2D II receptor,Q9BZM6,,N2DL1_HUMAN,curated,Induces NK Cell Activation. Reviewed in PMID: 24223577
CPI-CS0023FA839,CD94:NKG2E,P13747,,HLAE_HUMAN,curated,PMID: 28484462
CPI-CS007ADC2D1,ACVR_1C2A receptor,P09529,,INHBB_HUMAN,curated,PMID: 22710174 & rndsystem webpage; PMID: 22991378
CPI-CS008C9D6E5,IL1 receptor inhibitor,P01584,,IL1B_HUMAN,curated,"3o4o, PDB"
CPI-CS00BF6CD40,IL13 receptor,P05112,,IL4_HUMAN,curated,"3bpn, PDB"
CPI-CS0107C51C6,BMPR1B_BMPR2,P12644,,BMP4_HUMAN,curated,PMID: 22710174
CPI-CS0123BC66C,PlexinA1_complex2,Q8NFY4,,SEM6D_HUMAN,curated,PMID: 22325954
CPI-CS012D15A88,BMR1A_ACR2A,P12644,,BMP4_HUMAN,curated,PMID: 22710174
CPI-CS01319F57A,BMR1B_AVR2A,Q7Z5Y6,,BMP8A_HUMAN,curated,PMID: 22710174
CPI-CS0152E177A,Glycoprotein Ib  complex,P04275,,VWF_HUMAN,curated,"1m10, PDB partially . Platets needed for its activation."
CPI-CS0157F2E34,ACVL1_BMPR2,Q9UK05,,GDF2_HUMAN,curated,PMID: 22710174
CPI-CS017A50010,BMR1A_AVR2B,Q7Z5Y6,,BMP8A_HUMAN,curated,PMID: 22710174
CPI-CS01A4D7E2F,BMR1B_AVR2A,P22003,,BMP5_HUMAN,curated,PMID: 22710174
CPI-CS0210859AB,GMCSFR,P04141,,CSF2_HUMAN,curated,"4nkq, PDB"
CPI-CS0247DA882,BMR1A_ACR2A,P22004,,BMP6_HUMAN,curated,PMID: 22710174
CPI-CS027D7A724,BMPR1B_BMPR2,Q7Z4P5,,GDF7_HUMAN,curated,PMID: 22710174
CPI-CS027F8BD7E,BMR1B_AVR2B,Q6KF10,,GDF6_HUMAN,curated,PMID: 22710174
CPI-CS0288D901D,ACVR_1A2B receptor,P18075,,BMP7_HUMAN,curated,PMID: 22710174
CPI-CS02899BF8B,ACVR_1B2A receptor,P09529,,INHBB_HUMAN,curated,PMID: 22710174 & rndsystem webpage; PMID: 22991378
CPI-CS028ACED72,BMPR1B_BMPR2,P12643,,BMP2_HUMAN,curated,PMID: 22710174
CPI-CS02957B1BF,BMR1B_AVR2A,P12644,,BMP4_HUMAN,curated,PMID: 22710174
CPI-CS02AEFFE28,ACVR_1A2B receptor,P22004,,BMP6_HUMAN,curated,PMID: 22710174
CPI-CS02C93975C,BMPR1B_BMPR2,P22003,,BMP5_HUMAN,curated,PMID: 22710174
CPI-CS02E5ABC5D,Glycoprotein Ib  complex,P00734,,THRB_HUMAN,curated,"1hyr, PDB partially"
CPI-CS03037FE90,IL3 receptor,P08700,,IL3_HUMAN,curated,uniprot
CPI-CS0317FAF76,IL26 receptor,Q9NPH9,,IL26_HUMAN,curated,"Rutz et al., Nat Rev. 2014"
CPI-CS036BF2AC7,BMR1A_AVR2B,P43026,,GDF5_HUMAN,curated,PMID: 22710174
CPI-CS038376BA2,NKG2D II receptor,Q9BZM4,,N2DL3_HUMAN,curated,"Induces NK Cell Activation. Reviewed in PMID: 24223577. 1kcg, PDB partially"
CPI-CS0384572FE,ACVR_1B2B receptor,O95390,,GDF11_HUMAN,curated,PMID: 22710174
CPI-CS03DF8BD36,BMR1B_AVR2B,Q7Z5Y6,,BMP8A_HUMAN,curated,PMID: 22710174
CPI-CS040AEB4A0,NODAL receptor,Q96S42,,NODAL_HUMAN,curated,PMID: 22710174
CPI-CS040DDEBFB,IL37 receptor,Q9NZH6,,IL37_HUMAN,curated,"See paper Nold-Petry et al., 2015"
CPI-CS045D41398,IL17 receptor AB,Q9H293,,IL25_HUMAN,curated,NA IL17E called IL25
CPI-CS046B3C139,ACVR_1A2A receptor,P18075,,BMP7_HUMAN,curated,PMID: 22710174
CPI-CS046BCFC6F,BMPR1A_BMPR2,P22003,,BMP5_HUMAN,curated,PMID: 22710174
CPI-CS047EE9E03,BMR1A_ACR2A,P22003,,BMP5_HUMAN,curated,PMID: 22710174
CPI-CS0484364A2,BMPR1B_BMPR2,Q7Z5Y6,,BMP8A_HUMAN,curated,PMID: 22710174
CPI-CS048465560,ACVR_1A2B receptor,P09529,,INHBB_HUMAN,curated,less common binding; PMID: 22710174; PMID: 22991378  & rndsystem webpage
CPI-CS04BB8F1EC,IL36 receptor,Q9UBH0,,I36RA_HUMAN,curated,uniprot
CPI-CS04C402DFB,BMR1A_ACR2A,Q6KF10,,GDF6_HUMAN,curated,PMID: 22710174
CPI-CS04C628758,IL36 receptor,Q8WWZ1,,IL1FA_HUMAN,curated,to check
CPI-CS04CBDE052,IL10 receptor,P22301,,IL10_HUMAN,curated,"1j7v, PDB partially"
CPI-CS04DD927C9,ACVR_1A2B receptor,P08476,,INHBA_HUMAN,curated,less common binding; PMID: 22710174; PMID: 22991378  & rndsystem webpage
CPI-CS04F158618,IL17 receptor AC,Q16552,,IL17_HUMAN,curated,uniprot
CPI-CS04F78ACD6,ACVR_1B2A receptor,O95390,,GDF11_HUMAN,curated,PMID: 22710174
CPI-CS0533A30DC,ACVR_1B2A receptor,P08476,,INHBA_HUMAN,curated,PMID: 22710174 & rndsystem webpage; PMID: 22991378
CPI-CS05426BFFA,IL1 receptor,P01584,,IL1B_HUMAN,curated,"4dep, PDB"
CPI-CS0546460D1,BMR1A_AVR2B,Q6KF10,,GDF6_HUMAN,curated,PMID: 22710174
CPI-CS0553FFC41,IL20 receptor Type I,Q13007,,IL24_HUMAN,curated,uniprot
CPI-CS0558AB6A5,IL17 receptor AC,Q96PD4,,IL17F_HUMAN,curated,uniprot
CPI-CS055E15573,BMR1B_AVR2B,Q7Z4P5,,GDF7_HUMAN,curated,PMID: 22710174
CPI-CS0569B9B91,BMPR1B_BMPR2,P36894,,BMR1A_HUMAN,curated,"3evs,  PDB complex higher affinity"
CPI-CS05789C9A0,BMR1A_ACR2A,Q7Z4P5,,GDF7_HUMAN,curated,PMID: 22710174
CPI-CS058910188,BMR1B_AVR2B,P12643,,BMP2_HUMAN,curated,PMID: 22710174
CPI-CS05AB368CE,CD94:NKG2C,P13747,,HLAE_HUMAN,curated,PMID: 28484462
CPI-CS05EAF93CC,BMPR1A_BMPR2,P18075,,BMP7_HUMAN,curated,PMID: 22710174
CPI-CS06072FF4E,IL1 receptor,P01583,,IL1A_HUMAN,curated,uniprot
CPI-CS063AE1C91,IL6 receptor,P05231,,IL6_HUMAN,curated,"1p9m, PDB"
CPI-CS0645666B0,IL20 receptor Type I,Q9UHD0,,IL19_HUMAN,curated,uniprot
CPI-CS067298D94,FLT1 complex,P15692,,VEGFA_HUMAN,curated,uniprot
CPI-CS069E2161D,BMR1B_AVR2A,P43026,,GDF5_HUMAN,curated,PMID: 22710174
CPI-CS06B657CAB,IL9 receptor,P15248,,IL9_HUMAN,curated,uniprot
CPI-CS06C0EEFCB,ACVR_1B2B receptor,P55107,,GDF10_HUMAN,curated,PMID: 22710174
CPI-CS06C6E2321,NKG2D II receptor,Q29983,,MICA_HUMAN,curated,"1hyr, PDB partially, Induces NK Cell Activation. Reviewed in PMID: 24223577"
CPI-CS06D50EBF8,OSMR,P13725,,ONCM_HUMAN,curated,uniprot
CPI-CS06E556972,IL15 receptor,P40933,,IL15_HUMAN,curated,"Need expression of IL15RA (Q13261) in other cells. 2z3q, PDB partially"
CPI-CS0700FDD27,BMPR1B_BMPR2,P43026,,GDF5_HUMAN,curated,PMID: 22710174
CPI-CS0715DE78D,CD94:NKG2A,P13747,,HLAE_HUMAN,curated,PMID: 28484462
CPI-CS073233FCC,ACVR_1A2A receptor,P09529,,INHBB_HUMAN,curated,less common binding; PMID: 22710174; PMID: 22991378  & rndsystem webpage
CPI-CS073D36B1D,FLT1 complex,P49763,,PLGF_HUMAN,curated,uniprot
CPI-CS075442484,BMR1A_ACR2A,P12643,,BMP2_HUMAN,curated,PMID: 22710174
CPI-CS07557A266,MIS receptor 1,P03971,,MIS_HUMAN,curated,PMID: 22710174
CPI-CS076E1A639,BMR1A_AVR2B,P22004,,BMP6_HUMAN,curated,PMID: 22710174
CPI-CS077F1340A,FLT1 complex,P49765,,VEGFB_HUMAN,curated,uniprot
CPI-CS07B61574B,LIFR,P15018,,LIF_HUMAN,curated,"1pvh, PDB partially"
CPI-CS08109C435,BMPR1B_BMPR2,P18075,,BMP7_HUMAN,curated,PMID: 22710174
CPI-CS085E95BC1,IL1 receptor inhibitor,P18510,,IL1RA_HUMAN,curated,low affinity
CPI-CS085EF890A,ACVR_1B2B receptor,P09529,,INHBB_HUMAN,curated,PMID: 22710174 & rndsystem webpage; PMID: 22991378
CPI-CS0860DA460,ACVR_1A2B receptor,Q7Z5Y6,,BMP8A_HUMAN,curated,PMID: 22710174
CPI-CS089A36491,BMR1B_AVR2B,P43026,,GDF5_HUMAN,curated,PMID: 22710174
CPI-CS08A043594,BMR1B_AVR2A,P12643,,BMP2_HUMAN,curated,PMID: 22710174
CPI-CS08A853007,BMR1B_AVR2B,P18075,,BMP7_HUMAN,curated,PMID: 22710174
CPI-CS08CC8F9D3,ACVR1_BMPR2,P18075,,BMP7_HUMAN,curated,PMID: 22710174
CPI-CS08F4E5D70,NKG2D II receptor,Q5VY80,,RET1L_HUMAN,curated,"Induces NK Cell Activation. Reviewed in PMID: 24223577. 4s0u, PDB partially"
CPI-CS090FFEDFE,BMPR1A_BMPR2,Q7Z5Y6,,BMP8A_HUMAN,curated,PMID: 22710174
CPI-CS091BF99D0,ACVR_1A2A receptor,P08476,,INHBA_HUMAN,curated,less common binding; PMID: 22710174; PMID: 22991378  & rndsystem webpage
CPI-CS0921BB754,BMR1B_AVR2A,P22004,,BMP6_HUMAN,curated,PMID: 22710174
CPI-CS0924060DB,ACVR_1C2A receptor,P08476,,INHBA_HUMAN,curated,PMID: 22710174 & rndsystem webpage; PMID: 22991378
CPI-CS09831CCFD,IL18 receptor,Q14116,,IL18_HUMAN,curated,"3wo3, PDB partially"
CPI-CS09CECD20D,BMPR1A_BMPR2,P43026,,GDF5_HUMAN,curated,PMID: 22710174
CPI-CS09F211C3E,NKG2D II receptor,Q8TD07,,N2DL4_HUMAN,curated,Induces NK Cell Activation. Reviewed in PMID: 24223577
CPI-CS09F35DDEB,ACVR_1B2A receptor,O14793,,GDF8_HUMAN,curated,PMID: 22710174
CPI-CS0A269FA16,NKG2D II receptor,Q9BZM5,,N2DL2_HUMAN,curated,Induces NK Cell Activation. Reviewed in PMID: 24223577
CPI-CS0A34112A6,IL2 receptor_I,P60568,,IL2_HUMAN,curated,"3qaz, PDB"
CPI-CS0A5400A6A,ACVR_1C2B receptor,P09529,,INHBB_HUMAN,curated,PMID: 22710174 & rndsystem webpage; PMID: 22991378
CPI-CS0A659AAAD,IL28 receptor,Q8IZI9,,IFNL3_HUMAN,curated,"5t5w, PDB"
CPI-CS0A66DB1CA,CD8 receptor,P06239,,LCK_HUMAN,curated,"1q69, PDB partially"
CPI-CS0A6AB5149,IL36 receptor,Q9NZH7,,IL36B_HUMAN,curated,uniprot
CPI-CS0A71F2AAD,NKG2D II receptor,Q6H3X3,,RET1G_HUMAN,curated,Induces NK Cell Activation. Reviewed in PMID: 24223577
CPI-CS0A8A0A053,IL22 receptor,Q9GZX6,,IL22_HUMAN,curated,"3dgc, PDB"
CPI-CS0A8F7D89F,BMPR1B_BMPR2,O95972,,BMP15_HUMAN,curated,PMID: 22710174
CPI-CS0A97B38B6,ACVL1_BMPR2,O95393,,BMP10_HUMAN,curated,PMID: 22710174
CPI-CS0A9D23000,NKG2D II receptor,Q29980,,MICB_HUMAN,curated,Induces NK Cell Activation. Reviewed in PMID: 24223577
CPI-CS0AA769F5B,PlexinA3_complex1,Q14563,,SEM3A_HUMAN,curated,PMID: 22325954
CPI-CS0AB19226A,PlexinA4_complex1,Q14563,,SEM3A_HUMAN,curated,PMID: 22325954
CPI-CS0AB365861,IL20 receptor Type I,Q9NYY1,,IL20_HUMAN,curated,uniprot
CPI-CS0AB9C7139,IL7 receptor,P13232,,IL7_HUMAN,curated,"3di2, PDB partially"
CPI-CS0AC5142FA,IL1 receptor inhibitor,P01583,,IL1A_HUMAN,curated,"low affinity, uniprot"
CPI-CS0AED3F8E8,ACVR_1B2B receptor,O14793,,GDF8_HUMAN,curated,PMID: 22710174
CPI-CS0AEE2FB22,ACVR1_BMPR2,Q7Z5Y6,,BMP8A_HUMAN,curated,PMID: 22710174
CPI-CS0B0B35928,CNTF-1R,P26441,,CNTF_HUMAN,curated,uniprot
CPI-CS0B2F2EF5D,ACVR_1B2B receptor,Q9NR23,,GDF3_HUMAN,curated,PMID: 22710174
CPI-CS0B79F5D68,ACVR_1C2B receptor,P08476,,INHBA_HUMAN,curated,PMID: 22710174 & rndsystem webpage; PMID: 22991378
CPI-CS0B9A4CA4D,BMPR1A_BMPR2,Q6KF10,,GDF6_HUMAN,curated,PMID: 22710174
CPI-CS0BA342294,IL17 receptor AE,Q9P0M4,,IL17C_HUMAN,curated,uniprot
CPI-CS0BAF97962,PDGFR complex,Q9GZP0,,PDGFD_HUMAN,curated,uniprot
CPI-CS0BCDC40FC,BMR1A_AVR2B,P12644,,BMP4_HUMAN,curated,PMID: 22710174
CPI-CS0BDA0D08C,BMR1B_AVR2A,Q7Z4P5,,GDF7_HUMAN,curated,PMID: 22710174
CPI-CS0BE59B43E,BMR1A_AVR2B,P12643,,BMP2_HUMAN,curated,PMID: 22710174
CPI-CS0BEC40E19,BMR1B_AVR2B,P22003,,BMP5_HUMAN,curated,PMID: 22710174
CPI-CS0C091F24B,BMR1A_ACR2A,Q7Z5Y6,,BMP8A_HUMAN,curated,PMID: 22710174
CPI-CS0C0D60519,BMR1B_AVR2B,P22004,,BMP6_HUMAN,curated,PMID: 22710174
CPI-CS0C159B54D,ACVR_1B2B receptor,P08476,,INHBA_HUMAN,curated,PMID: 22710174 & rndsystem webpage; PMID: 22991378
CPI-CS0C16967C6,ACVR1_BMPR2,P22004,,BMP6_HUMAN,curated,PMID: 22710174
CPI-CS0C57A3081,PlexinA1_complex1,Q8NFY4,,SEM6D_HUMAN,curated,PMID: 22325954
CPI-CS0C59AF029,IL33 receptor,O95760,,IL33_HUMAN,curated,uniprot
CPI-CS0C623F17A,BMPR1B_BMPR2,Q6KF10,,GDF6_HUMAN,curated,PMID: 22710174
CPI-CS0C8F1E01F,ACVR_1B2A receptor,P12645,,BMP3_HUMAN,curated,PMID: 22710174
CPI-CS0C99F8D96,BMR1A_AVR2B,P18075,,BMP7_HUMAN,curated,PMID: 22710174
CPI-CS0C9EE65C2,FcRn complex,P02768,,ALBU_HUMAN,curated,"4n0u, PDB & 4k71, PDB"
CPI-CS0CA393CC5,BMR1A_AVR2B,P22003,,BMP5_HUMAN,curated,PMID: 22710174
CPI-CS0CE2A204A,ACVR_1A2A receptor,Q7Z5Y6,,BMP8A_HUMAN,curated,PMID: 22710174
CPI-CS0CF47221A,IL20 receptor Type II,Q13007,,IL24_HUMAN,curated,uniprot
CPI-CS0CFA0E4C5,BMPR1A_BMPR2,Q7Z4P5,,GDF7_HUMAN,curated,PMID: 22710174
CPI-CS0D238C22B,PlexinA2_complex1,Q14563,,SEM3A_HUMAN,curated,PMID: 22325954
CPI-CS0D35E69F6,BMR1A_ACR2A,P18075,,BMP7_HUMAN,curated,PMID: 22710174
CPI-CS0D48BE017,IL2 receptor_HA,P60568,,IL2_HUMAN,curated,"2b5i, PDB"
CPI-CS0D4BB4458,MIS receptor 3,P03971,,MIS_HUMAN,curated,PMID: 22710174
CPI-CS0D9226707,BMR1B_AVR2A,Q6KF10,,GDF6_HUMAN,curated,PMID: 22710174
CPI-CS0D9B5AB86,IL36 receptor,Q9NZH8,,IL36G_HUMAN,curated,uniprot
CPI-CS0DAA66443,BMR1A_ACR2A,P43026,,GDF5_HUMAN,curated,PMID: 22710174
CPI-CS0DDFD82E7,IL11 receptor,P20809,,IL11_HUMAN,curated,uniprot
CPI-CS0DEBE7B69,IL1 receptor,P18510,,IL1RA_HUMAN,curated,"1ira, PDB partially"
CPI-CS0DF85303A,BMR1B_AVR2A,P18075,,BMP7_HUMAN,curated,PMID: 22710174
CPI-CS0E1BF543E,ACVR1_BMPR2,P22003,,BMP5_HUMAN,curated,PMID: 22710174
CPI-CS0E4E75E3B,BMPR1A_BMPR2,P12643,,BMP2_HUMAN,curated,PMID: 22710174
CPI-CS0E5078EDE,BMR1A_AVR2B,Q7Z4P5,,GDF7_HUMAN,curated,PMID: 22710174
CPI-CS0E54FF657,BMPR1A_BMPR2,P12644,,BMP4_HUMAN,curated,PMID: 22710174
CPI-CS0E5D1ECCE,PlexinA1_complex3,Q14563,,SEM3A_HUMAN,curated,PMID: 22325954
CPI-CS0E661878B,LIFR,P13725,,ONCM_HUMAN,curated,uniprot
CPI-CS0E7C1314F,ACVR_1B2B receptor,P27539,,GDF1_HUMAN,curated,PMID: 22710174
CPI-CS0E80B08E2,IL21 receptor,Q9HBE4,,IL21_HUMAN,curated,"3tgx, PDB partially, uniprot"
CPI-CS0E8ADC968,IL20 receptor Type II,Q9NYY1,,IL20_HUMAN,curated,uniprot
CPI-CS0E997FABD,BMR1B_AVR2B,P12644,,BMP4_HUMAN,curated,PMID: 22710174
CPI-CS0EB5F7B6F,CNTF-1R,Q9UBD9,,CLCF1_HUMAN,curated,uniprot
CPI-CS0EC80CA59,ACVR_1A2A receptor,P22003,,BMP5_HUMAN,curated,PMID: 22710174
CPI-CS0EE8AEA34,IL13 receptor,P35225,,IL13_HUMAN,curated,"3bpo, PDB"
CPI-CS0EF793D6A,BMPR1B_BMPR2,P22004,,BMP6_HUMAN,curated,PMID: 22710174
CPI-CS0F6472748,IL36 receptor,Q9UHA7,,IL36A_HUMAN,curated,uniprot
CPI-CS0F670E8BC,MIS receptor 2,P03971,,MIS_HUMAN,curated,PMID: 22710174
CPI-CS0F6CFB979,BMPR1A_BMPR2,P22004,,BMP6_HUMAN,curated,PMID: 22710174
CPI-CS0FB8775FC,IL5 receptor,P05113,,IL5_HUMAN,curated,"3qt2, PDB partially"
CPI-CS0FBBCDD66,IL4 receptor,P05112,,IL4_HUMAN,curated,"3qb7, PDB"
CPI-CS0FCC00896,ACVR_1A2B receptor,P22003,,BMP5_HUMAN,curated,PMID: 22710174
CPI-CS0FFBA02F8,ACVR_1A2A receptor,P22004,,BMP6_HUMAN,curated,PMID: 22710174
CPI-SC00064A9CE,Q9P218,a2b1 complex,COKA1_HUMAN,,curated,uniprot
CPI-SC0014D5A6E,Q07092,a11b1 complex,COGA1_HUMAN,,curated,uniprot
CPI-SC001669E22,O95390,TGFR_AVR2A,GDF11_HUMAN,,curated,PMID: 22710174
CPI-SC0017F527E,P39060,a10b1 complex,COIA1_HUMAN,,curated,uniprot
CPI-SC001AFA16D,Q99748,RET receptor 2,NRTN_HUMAN,,curated,uniprot
CPI-SC0035F0B0F,Q14993,a11b1 complex,COJA1_HUMAN,,curated,uniprot
CPI-SC004A436C5,Q99715,a1b1 complex,COCA1_HUMAN,,curated,uniprot
CPI-SC006E22794,P08123,a1b1 complex,CO1A2_HUMAN,,curated,uniprot
CPI-SC00756BB93,P04216,aVb3 complex,THY1_HUMAN,,curated,"https://www.ncbi.nlm.nih.gov/pubmed/29212879,https://www.ncbi.nlm.nih.gov/pubmed/18346467/,https://www.ncbi.nlm.nih.gov/"
CPI-SC0077CEB82,P10600,TGFbeta receptor2,TGFB3_HUMAN,,curated,uniprot
CPI-SC007890A1C,P12830,aEb7 complex,CADH1_HUMAN,,curated,uniprot
CPI-SC0082A7233,P53420,a11b1 complex,CO4A4_HUMAN,,curated,uniprot
CPI-SC008F4294F,Q02388,a10b1 complex,CO7A1_HUMAN,,curated,uniprot
CPI-SC0092846B0,P20908,a11b1 complex,CO5A1_HUMAN,,curated,uniprot
CPI-SC00A0B0892,A8TX70,a10b1 complex,CO6A5_HUMAN,,curated,uniprot
CPI-SC00ACA947E,P39905,RET receptor 1,GDNF_HUMAN,,curated,uniprot
CPI-SC00BE2EEE3,Q9P218,a1b1 complex,COKA1_HUMAN,,curated,uniprot
CPI-SC00C0800EB,P53420,a10b1 complex,CO4A4_HUMAN,,curated,uniprot
CPI-SC01115AAD1,Q03692,a1b1 complex,COAA1_HUMAN,,curated,uniprot
CPI-SC01195CB48,P24821,a8b1 complex,TENA_HUMAN,,curated,uniprot
CPI-SC011F01833,P08123,a10b1 complex,CO1A2_HUMAN,,curated,uniprot
CPI-SC0147A8A42,Q96A83,a10b1 complex,COQA1_HUMAN,,curated,uniprot
CPI-SC015980AEB,Q05707,a10b1 complex,COEA1_HUMAN,,curated,uniprot
CPI-SC016235D3A,P02458,a1b1 complex,CO2A1_HUMAN,,curated,uniprot
CPI-SC017215F7F,O95390,TGFR_AVR2B,GDF11_HUMAN,,curated,PMID: 22710174
CPI-SC01833C7FC,P14555,a4b1 complex,PA2GA_HUMAN,,curated,uniprot
CPI-SC019DBDA78,P19320,aDb2 complex,VCAM1_HUMAN,,curated,uniprot
CPI-SC01AB9BED7,P10451,a9b1 complex,OSTP_HUMAN,,curated,"PMID: 1830891, PMID: 8970045"
CPI-SC01C699B73,A6NMZ7,a10b1 complex,CO6A6_HUMAN,,curated,uniprot
CPI-SC01E9FAC20,Q07092,a2b1 complex,COGA1_HUMAN,,curated,uniprot
CPI-SC01EA4FF6B,P02452,a2b1 complex,CO1A1_HUMAN,,curated,uniprot
CPI-SC01F1F24AA,Q14050,a2b1 complex,CO9A3_HUMAN,,curated,uniprot
CPI-SC01FFC9392,P02751,a2b1 complex,FINC_HUMAN,,curated,uniprot
CPI-SC0200AC9E3,P07996,a2Bb3 complex,TSP1_HUMAN,,curated,uniprot
CPI-SC02017BE74,P08572,a11b1 complex,CO4A2_HUMAN,,curated,uniprot
CPI-SC02131C05A,Q99715,a10b1 complex,COCA1_HUMAN,,curated,uniprot
CPI-SC02392F4AF,P02462,a2b1 complex,CO4A1_HUMAN,,curated,uniprot
CPI-SC023986FB9,O14793,TGFR_AVR2A,GDF8_HUMAN,,curated,PMID: 22710174
CPI-SC0247375A7,Q9UMD9,a11b1 complex,COHA1_HUMAN,,curated,uniprot
CPI-SC0247E9ADB,Q14055,a11b1 complex,CO9A2_HUMAN,,curated,uniprot
CPI-SC0273E24EB,Q5T4W7,RET receptor 3,ARTN_HUMAN,,curated,uniprot
CPI-SC02AE206BE,P12111,a1b1 complex,CO6A3_HUMAN,,curated,uniprot
CPI-SC02B111AB0,P12109,a10b1 complex,CO6A1_HUMAN,,curated,uniprot
CPI-SC02BFEEC8A,P07996,a3b1 complex,TSP1_HUMAN,,curated,uniprot
CPI-SC02E74AFA5,P08253,aVb3 complex,MMP2_HUMAN,,curated,uniprot
CPI-SC02F06FF62,P27658,a1b1 complex,CO8A1_HUMAN,,curated,uniprot
CPI-SC032246C72,P61812,TGFbeta receptor2,TGFB2_HUMAN,,curated,uniprot
CPI-SC0329D5397,P32942,aLb2 complex,ICAM3_HUMAN,,curated,uniprot
CPI-SC033E22B14,P01127,PDGFR complex,PDGFB_HUMAN,,curated,uniprot
CPI-SC03446A95E,P06734,aXb2 complex,FCER2_HUMAN,,curated,https://www.ncbi.nlm.nih.gov/pubmed/7621072
CPI-SC035134F18,P20908,a2b1 complex,CO5A1_HUMAN,,curated,uniprot
CPI-SC035953E6B,Q02388,a1b1 complex,CO7A1_HUMAN,,curated,uniprot
CPI-SC036D78A43,P02458,a2b1 complex,CO2A1_HUMAN,,curated,uniprot
CPI-SC037C3901A,Q96P44,a11b1 complex,COLA1_HUMAN,,curated,uniprot
CPI-SC039D075C6,P39059,a2b1 complex,COFA1_HUMAN,,curated,uniprot
CPI-SC03ADD2063,P39060,a11b1 complex,COIA1_HUMAN,,curated,uniprot
CPI-SC03BFF1D95,P39059,a11b1 complex,COFA1_HUMAN,,curated,uniprot
CPI-SC03C093767,Q03692,a2b1 complex,COAA1_HUMAN,,curated,uniprot
CPI-SC03D71E025,Q02388,a11b1 complex,CO7A1_HUMAN,,curated,uniprot
CPI-SC03DD752AB,P53420,a2b1 complex,CO4A4_HUMAN,,curated,uniprot
CPI-SC03DD946B2,P61812,TGFbeta receptor1,TGFB2_HUMAN,,curated,uniprot
CPI-SC04085F9F9,P12109,a11b1 complex,CO6A1_HUMAN,,curated,uniprot
CPI-SC040B3EFBC,Q8NFW1,a1b1 complex,COMA1_HUMAN,,curated,uniprot
CPI-SC040C26CBD,Q96P44,a2b1 complex,COLA1_HUMAN,,curated,uniprot
CPI-SC041215790,Q96A83,a11b1 complex,COQA1_HUMAN,,curated,uniprot
CPI-SC041DEF0FB,P20908,a10b1 complex,CO5A1_HUMAN,,curated,uniprot
CPI-SC044E3F9B6,P09038,aVb3 complex,FGF2_HUMAN,,curated,uniprot
CPI-SC0458F68A5,P08572,a1b1 complex,CO4A2_HUMAN,,curated,uniprot
CPI-SC047CEF2DD,Q9HC73,TSLPR,CRLF2_HUMAN,,curated,DOI  10.1038/ncomms14937
CPI-SC04936738A,P12107,a10b1 complex,COBA1_HUMAN,,curated,uniprot
CPI-SC04AED00CE,P24821,aVb6 complex,TENA_HUMAN,,curated,uniprot
CPI-SC04B0064C4,P39060,a2b1 complex,COIA1_HUMAN,,curated,uniprot
CPI-SC04B354AE3,P25067,a2b1 complex,CO8A2_HUMAN,,curated,uniprot
CPI-SC04F2478E9,P02751,a3b1 complex,FINC_HUMAN,,curated,uniprot
CPI-SC04FDBA606,P00747,a2Bb3 complex,PLMN_HUMAN,,curated,uniprot
CPI-SC0517A327B,Q14050,a10b1 complex,CO9A3_HUMAN,,curated,uniprot
CPI-SC051B1E9C4,Q9P218,a11b1 complex,COKA1_HUMAN,,curated,uniprot
CPI-SC0527EEE7A,P01024,aMb2 complex,CO3_HUMAN,,curated,uniprot
CPI-SC052A417CB,Q01955,a2b1 complex,CO4A3_HUMAN,,curated,uniprot
CPI-SC0530C27A8,P04004,aVb3 complex,VTNC_HUMAN,,curated,uniprot
CPI-SC053BBE2B1,Q07092,a1b1 complex,COGA1_HUMAN,,curated,uniprot
CPI-SC054484F7B,P02461,a2b1 complex,CO3A1_HUMAN,,curated,uniprot
CPI-SC0545E2502,P05997,a1b1 complex,CO5A2_HUMAN,,curated,uniprot
CPI-SC05565E8CE,Q14031,a10b1 complex,CO4A6_HUMAN,,curated,uniprot
CPI-SC056BF6CBB,P24821,a9b1 complex,TENA_HUMAN,,curated,uniprot
CPI-SC058845C44,P27658,a2b1 complex,CO8A1_HUMAN,,curated,uniprot
CPI-SC058F72F90,P35555,a5b1 complex,FBN1_HUMAN,,curated,uniprot
CPI-SC0592EC3D0,P32004,a5b1 complex,L1CAM_HUMAN,,curated,https://www.ncbi.nlm.nih.gov/pmc/articles/PMC2120661/
CPI-SC05992FDC8,P20908,a1b1 complex,CO5A1_HUMAN,,curated,uniprot
CPI-SC05A209BEC,P06734,aVb3 complex,FCER2_HUMAN,,curated,https://www.ncbi.nlm.nih.gov/pubmed/10037797/
CPI-SC05B2AA866,Q99715,a11b1 complex,COCA1_HUMAN,,curated,uniprot
CPI-SC05B6D413B,P20849,a1b1 complex,CO9A1_HUMAN,,curated,uniprot
CPI-SC05CCF815E,P08123,a2b1 complex,CO1A2_HUMAN,,curated,uniprot
CPI-SC05CE52A12,A8TX70,a11b1 complex,CO6A5_HUMAN,,curated,uniprot
CPI-SC05D87F723,A6NMZ7,a2b1 complex,CO6A6_HUMAN,,curated,uniprot
CPI-SC05D8C0EF5,Q2UY09,a10b1 complex,COSA1_HUMAN,,curated,uniprot
CPI-SC05F111D21,Q8IZC6,a11b1 complex,CORA1_HUMAN,,curated,uniprot
CPI-SC0606C6896,A8TX70,a2b1 complex,CO6A5_HUMAN,,curated,uniprot
CPI-SC060984F83,Q05707,a11b1 complex,COEA1_HUMAN,,curated,uniprot
CPI-SC061137A41,Q14031,a2b1 complex,CO4A6_HUMAN,,curated,uniprot
CPI-SC062C5C6C2,P14555,a5b1 complex,PA2GA_HUMAN,,curated,uniprot
CPI-SC062D34C2A,P19320,a9b1 complex,VCAM1_HUMAN,,curated,uniprot
CPI-SC06364D669,P02751,a4b1 complex,FINC_HUMAN,,curated,uniprot
CPI-SC063BC3DDE,P13598,aLb2 complex,ICAM2_HUMAN,,curated,uniprot
CPI-SC064937925,P01562,Type I IFNR,IFNA1_HUMAN,,curated,PMID: 9208871
CPI-SC06525B099,P32004,aVb3 complex,L1CAM_HUMAN,,curated,"https://www.ncbi.nlm.nih.gov/pmc/articles/PMC2132622/"""
CPI-SC0672FBD31,P02462,a1b1 complex,CO4A1_HUMAN,,curated,uniprot
CPI-SC067433F6B,P02461,a10b1 complex,CO3A1_HUMAN,,curated,uniprot
CPI-SC0674C647E,Q01955,a11b1 complex,CO4A3_HUMAN,,curated,uniprot
CPI-SC067AD890A,P04004,aVb1 complex,VTNC_HUMAN,,curated,uniprot
CPI-SC067EE23E1,Q14055,a10b1 complex,CO9A2_HUMAN,,curated,uniprot
CPI-SC0681D30FE,P08123,a11b1 complex,CO1A2_HUMAN,,curated,uniprot
CPI-SC06873D10F,Q9UMD9,a2b1 complex,COHA1_HUMAN,,curated,uniprot
CPI-SC069F95780,P25067,a1b1 complex,CO8A2_HUMAN,,curated,uniprot
CPI-SC069F9E62C,Q2UY09,a11b1 complex,COSA1_HUMAN,,curated,uniprot
CPI-SC06ACCFA52,Q17RW2,a11b1 complex,COOA1_HUMAN,,curated,uniprot
CPI-SC06B4C6DD5,Q9UMD9,a10b1 complex,COHA1_HUMAN,,curated,uniprot
CPI-SC06E5E0C83,P12107,a1b1 complex,COBA1_HUMAN,,curated,uniprot
CPI-SC070D5A96F,P57087,a4b1 complex,JAM2_HUMAN,,curated,https://www.ncbi.nlm.nih.gov/pubmed/12070135/
CPI-SC07222A428,P08572,a2b1 complex,CO4A2_HUMAN,,curated,uniprot
CPI-SC0725E3A76,Q5TAT6,a10b1 complex,CODA1_HUMAN,,curated,uniprot
CPI-SC07312BD5C,P06734,aMb2 complex,FCER2_HUMAN,,curated,"https://www.ncbi.nlm.nih.gov/pubmed/7621072,https://www.ncbi.nlm.nih.gov/pmc/articles/PMC2143337/"
CPI-SC07375C073,P12111,a10b1 complex,CO6A3_HUMAN,,curated,uniprot
CPI-SC0755598EE,P07996,aVb3 complex,TSP1_HUMAN,,curated,uniprot
CPI-SC077B6280E,Q8IZJ0,Type III IFNR,IFNL2_HUMAN,,curated,PMID: 9208871
CPI-SC077EB8064,P01566,Type I IFNR,IFN10_HUMAN,,curated,uniprot
CPI-SC07A2679B1,P01571,Type I IFNR,IFN17_HUMAN,,curated,uniprot
CPI-SC07B4ED8C9,Q8IU54,Type III IFNR,IFNL1_HUMAN,,curated,PMID: 9208871
CPI-SC07BE7830D,P10451,a4b1 complex,OSTP_HUMAN,,curated,"PMID: 1830891, PMID: 8970045"
CPI-SC07E0348EF,A6NMZ7,a11b1 complex,CO6A6_HUMAN,,curated,uniprot
CPI-SC07E958BDE,P25940,a11b1 complex,CO5A3_HUMAN,,curated,uniprot
CPI-SC07ECBFCA7,P02452,a10b1 complex,CO1A1_HUMAN,,curated,uniprot
CPI-SC07FB88720,Q01955,a1b1 complex,CO4A3_HUMAN,,curated,uniprot
CPI-SC08067D831,P04004,a2Bb3 complex,VTNC_HUMAN,,curated,uniprot
CPI-SC0814068D9,P12110,a2b1 complex,CO6A2_HUMAN,,curated,uniprot
CPI-SC08226CD3B,Q14055,a2b1 complex,CO9A2_HUMAN,,curated,uniprot
CPI-SC083EDDA21,Q2UY09,a2b1 complex,COSA1_HUMAN,,curated,uniprot
CPI-SC0847A64D2,P02751,aVb5 complex,FINC_HUMAN,,curated,uniprot
CPI-SC0859FAC25,Q86WN2,Type I IFNR,IFNE_HUMAN,,curated,PMID: 9208871
CPI-SC0861656EC,P12107,a11b1 complex,COBA1_HUMAN,,curated,uniprot
CPI-SC087556B01,P29400,a10b1 complex,CO4A5_HUMAN,,curated,uniprot
CPI-SC08923F7F7,Q9Y624,aLb2 complex,JAM1_HUMAN,,curated,"(PubMed:11812992, PubMed:15528364)"
CPI-SC08938BB1C,Q96P44,a10b1 complex,COLA1_HUMAN,,curated,uniprot
CPI-SC08968AFE6,O14793,TGFR_AVR2B,GDF8_HUMAN,,curated,PMID: 22710174
CPI-SC089D4762F,A8TX70,a1b1 complex,CO6A5_HUMAN,,curated,uniprot
CPI-SC08A98E7D4,Q02388,a2b1 complex,CO7A1_HUMAN,,curated,uniprot
CPI-SC08AA91C84,Q9UMD9,a1b1 complex,COHA1_HUMAN,,curated,uniprot
CPI-SC08AF9CA91,P25067,a11b1 complex,CO8A2_HUMAN,,curated,uniprot
CPI-SC08B1D5269,P25940,a10b1 complex,CO5A3_HUMAN,,curated,uniprot
CPI-SC08B2AD7C6,P02751,a5b1 complex,FINC_HUMAN,,curated,uniprot
CPI-SC08B6B74FB,P02751,a2Bb3 complex,FINC_HUMAN,,curated,uniprot
CPI-SC08BF895FC,Q5TAT6,a1b1 complex,CODA1_HUMAN,,curated,uniprot
CPI-SC08CC68F11,P27658,a11b1 complex,CO8A1_HUMAN,,curated,uniprot
CPI-SC08D8A859F,P12109,a2b1 complex,CO6A1_HUMAN,,curated,uniprot
CPI-SC08E75294D,P39059,a10b1 complex,COFA1_HUMAN,,curated,uniprot
CPI-SC08E97F7CA,P19320,a4b7 complex,VCAM1_HUMAN,,curated,uniprot
CPI-SC08F797F90,P20849,a2b1 complex,CO9A1_HUMAN,,curated,uniprot
CPI-SC090068F7B,Q969D9,TSLPR,TSLP_HUMAN,,curated,"5j11, PDB"
CPI-SC090311934,Q17RW2,a10b1 complex,COOA1_HUMAN,,curated,uniprot
CPI-SC090855C8E,P02751,aVb3 complex,FINC_HUMAN,,curated,uniprot
CPI-SC090DB3159,Q17RW2,a1b1 complex,COOA1_HUMAN,,curated,uniprot
CPI-SC091173D82,P53420,a1b1 complex,CO4A4_HUMAN,,curated,uniprot
CPI-SC091D10DFA,P01574,Type I IFNR,IFNB_HUMAN,,curated,PMID: 9208871
CPI-SC092659F65,Q14773,aLb2 complex,ICAM4_HUMAN,,curated,uniprot
CPI-SC092C3E4DF,P02751,a8b1 complex,FINC_HUMAN,,curated,uniprot
CPI-SC09458C6C0,P01569,Type I IFNR,IFNA5_HUMAN,,curated,uniprot
CPI-SC095A2C115,Q03405,aVb3 complex,UPAR_HUMAN,,curated,"https://www.ncbi.nlm.nih.gov/pubmed/11053440,https://www.ncbi.nlm.nih.gov/pubmed/15863511"
CPI-SC096929DB0,P02751,aVb1 complex,FINC_HUMAN,,curated,uniprot
CPI-SC0974B60B7,P29965,a2Bb3 complex,CD40L_HUMAN,,curated,https://www.ncbi.nlm.nih.gov/pubmed/11875495
CPI-SC0984894BC,P01137,TGFbeta receptor2,TGFB1_HUMAN,,curated,uniprot
CPI-SC0988E0218,P10451,aVb3 complex,OSTP_HUMAN,,curated,PMID: 24442579
CPI-SC098B43B5A,Q13477,a4b7 complex,MADCA_HUMAN,,curated,uniprot
CPI-SC098C06330,P01137,TGFbeta receptor1,TGFB1_HUMAN,,curated,uniprot
CPI-SC09938698A,Q6UVK1,a3b1 complex,CSPG4_HUMAN,,curated,uniprot
CPI-SC09AF1889C,P32881,Type I IFNR,IFNA8_HUMAN,,curated,uniprot
CPI-SC09C06C70F,Q96P44,a1b1 complex,COLA1_HUMAN,,curated,uniprot
CPI-SC09C0B5D08,P29400,a2b1 complex,CO4A5_HUMAN,,curated,uniprot
CPI-SC09DE07794,Q8NFW1,a2b1 complex,COMA1_HUMAN,,curated,uniprot
CPI-SC09DFB2ACA,Q14993,a10b1 complex,COJA1_HUMAN,,curated,uniprot
CPI-SC09E5431A2,P01579,Type II IFNR,IFNG_HUMAN,,curated,PMID: 9208871
CPI-SC09FDA4F45,P12109,a1b1 complex,CO6A1_HUMAN,,curated,uniprot
CPI-SC0A0532ADC,P02462,a11b1 complex,CO4A1_HUMAN,,curated,uniprot
CPI-SC0A05D3880,P04216,aMb2 complex,THY1_HUMAN,,curated,https://www.ncbi.nlm.nih.gov/pubmed/15850796
CPI-SC0A199B69E,Q03692,a10b1 complex,COAA1_HUMAN,,curated,uniprot
CPI-SC0A2FE9693,P11047,a7b1 complex,LAMC1_HUMAN,,curated,uniprot
CPI-SC0A3F146C2,Q01955,a10b1 complex,CO4A3_HUMAN,,curated,uniprot
CPI-SC0A54B5323,P12110,a11b1 complex,CO6A2_HUMAN,,curated,uniprot
CPI-SC0A58E6695,P24821,aVb3 complex,TENA_HUMAN,,curated,uniprot
CPI-SC0A68C5F13,P05019,a6b4 complex,IGF1_HUMAN,,curated,uniprot
CPI-SC0A8902C85,P02461,a11b1 complex,CO3A1_HUMAN,,curated,uniprot
CPI-SC0A8A78670,P01568,Type I IFNR,IFN21_HUMAN,,curated,uniprot
CPI-SC0A8E69BC5,P13942,a1b1 complex,COBA2_HUMAN,,curated,uniprot
CPI-SC0A9458008,P05362,aXb2 complex,ICAM1_HUMAN,,curated,https://www.ncbi.nlm.nih.gov/pubmed/16252253
CPI-SC0A9EB628A,P19320,a4b1 complex,VCAM1_HUMAN,,curated,https://www.ncbi.nlm.nih.gov/pmc/articles/PMC4368157/
CPI-SC0AD6D8724,Q96A83,a2b1 complex,COQA1_HUMAN,,curated,uniprot
CPI-SC0ADD7BEF0,Q14993,a2b1 complex,COJA1_HUMAN,,curated,uniprot
CPI-SC0AF90F422,P01570,Type I IFNR,IFN14_HUMAN,,curated,uniprot
CPI-SC0B066E03C,Q14031,a11b1 complex,CO4A6_HUMAN,,curated,uniprot
CPI-SC0B0AFEFF1,P05015,Type I IFNR,IFN16_HUMAN,,curated,uniprot
CPI-SC0B292AEE6,P07359,aMb2 complex,GP1BA_HUMAN,,curated,https://www.ncbi.nlm.nih.gov/pmc/articles/PMC2194217/
CPI-SC0B4211EFF,P01563,Type I IFNR,IFNA2_HUMAN,,curated,"3se3, PDB"
CPI-SC0B4BD965C,Q14050,a11b1 complex,CO9A3_HUMAN,,curated,uniprot
CPI-SC0B4D7E0FF,P02751,a4b7 complex,FINC_HUMAN,,curated,uniprot
CPI-SC0B6162857,P01567,Type I IFNR,IFNA7_HUMAN,,curated,uniprot
CPI-SC0B6D68FD5,P05362,aMb2 complex,ICAM1_HUMAN,,curated,uniprot
CPI-SC0B6F1A278,P02462,a10b1 complex,CO4A1_HUMAN,,curated,uniprot
CPI-SC0B808E56A,A6NMZ7,a1b1 complex,CO6A6_HUMAN,,curated,uniprot
CPI-SC0B9199C7F,P11047,aVb3 complex,LAMC1_HUMAN,,curated,uniprot
CPI-SC0BA1D5E00,Q8NFW1,a10b1 complex,COMA1_HUMAN,,curated,uniprot
CPI-SC0BA41B0D3,Q14993,a1b1 complex,COJA1_HUMAN,,curated,uniprot
CPI-SC0BAB29E69,P00734,a2Bb3 complex,THRB_HUMAN,,curated,uniprot
CPI-SC0BC542ACC,P24821,a4b1 complex,TENA_HUMAN,,curated,uniprot
CPI-SC0BC63F8C0,P02461,a1b1 complex,CO3A1_HUMAN,,curated,uniprot
CPI-SC0BCD683D4,Q8NFW1,a11b1 complex,COMA1_HUMAN,,curated,uniprot
CPI-SC0BD4C290F,Q05707,a1b1 complex,COEA1_HUMAN,,curated,uniprot
CPI-SC0BD56F4CB,O60542,RET receptor 4,PSPN_HUMAN,,curated,uniprot
CPI-SC0BF16A11C,Q9P218,a10b1 complex,COKA1_HUMAN,,curated,uniprot
CPI-SC0C1B5BAA1,P05013,Type I IFNR,IFNA6_HUMAN,,curated,uniprot
CPI-SC0C3E2D267,P00742,aMb2 complex,FA10_HUMAN,,curated,uniprot
CPI-SC0C6B54D7A,P04216,aXb2 complex,THY1_HUMAN,,curated,https://www.ncbi.nlm.nih.gov/pubmed/15850796
CPI-SC0C8B4C056,P29965,a5b1 complex,CD40L_HUMAN,,curated,https://www.ncbi.nlm.nih.gov/pmc/articles/PMC3365732/
CPI-SC0C907A888,P25067,a10b1 complex,CO8A2_HUMAN,,curated,uniprot
CPI-SC0C9CBDD21,Q8IZC6,a10b1 complex,CORA1_HUMAN,,curated,uniprot
CPI-SC0CA323AE3,P13942,a11b1 complex,COBA2_HUMAN,,curated,uniprot
CPI-SC0CA7B34A5,P05997,a2b1 complex,CO5A2_HUMAN,,curated,uniprot
CPI-SC0CBC30AB7,P20849,a11b1 complex,CO9A1_HUMAN,,curated,uniprot
CPI-SC0CCF30377,Q5TAT6,a2b1 complex,CODA1_HUMAN,,curated,uniprot
CPI-SC0CE433AB8,P29400,a11b1 complex,CO4A5_HUMAN,,curated,uniprot
CPI-SC0CE6F5084,Q8IZC6,a2b1 complex,CORA1_HUMAN,,curated,uniprot
CPI-SC0CE851065,P12110,a10b1 complex,CO6A2_HUMAN,,curated,uniprot
CPI-SC0CF621D48,P02458,a11b1 complex,CO2A1_HUMAN,,curated,uniprot
CPI-SC0CFF5E19D,P02751,a11b1 complex,FINC_HUMAN,,curated,uniprot
CPI-SC0D089F0A9,Q9P0W0,Type I IFNR,IFNK_HUMAN,,curated,PMID: 9208871
CPI-SC0D19BAF15,P02751,a10b1 complex,FINC_HUMAN,,curated,uniprot
CPI-SC0D2BDC009,Q5TAT6,a11b1 complex,CODA1_HUMAN,,curated,uniprot
CPI-SC0D5CFA431,P10600,TGFbeta receptor1,TGFB3_HUMAN,,curated,uniprot
CPI-SC0D6C777F2,P13942,a10b1 complex,COBA2_HUMAN,,curated,uniprot
CPI-SC0D7F33CFB,Q8IZC6,a1b1 complex,CORA1_HUMAN,,curated,uniprot
CPI-SC0D870AE49,P12111,a2b1 complex,CO6A3_HUMAN,,curated,uniprot
CPI-SC0D9B795CC,P12830,a2b1 complex,CADH1_HUMAN,,curated,https://www.ncbi.nlm.nih.gov/pubmed/12392763
CPI-SC0DA298BEC,P02458,a10b1 complex,CO2A1_HUMAN,,curated,uniprot
CPI-SC0DA5EFA18,Q14031,a1b1 complex,CO4A6_HUMAN,,curated,uniprot
CPI-SC0DAD29856,P25940,a1b1 complex,CO5A3_HUMAN,,curated,uniprot
CPI-SC0DF641DAA,P05997,a11b1 complex,CO5A2_HUMAN,,curated,uniprot
CPI-SC0DF986F22,Q03692,a11b1 complex,COAA1_HUMAN,,curated,uniprot
CPI-SC0E0C50FCA,Q05707,a2b1 complex,COEA1_HUMAN,,curated,uniprot
CPI-SC0E1037D03,P04275,aVb3 complex,VWF_HUMAN,,curated,uniprot
CPI-SC0E16B866E,P05000,Type I IFNR,IFNW1_HUMAN,,curated,PMID: 9208871
CPI-SC0E2D0DC4B,P05230,aVb3 complex,FGF1_HUMAN,,curated,uniprot
CPI-SC0E3784FFB,P11047,a2b1 complex,LAMC1_HUMAN,,curated,uniprot
CPI-SC0E4E54E13,P13942,a2b1 complex,COBA2_HUMAN,,curated,uniprot
CPI-SC0E5218AA4,Q02297,a6b4 complex,NRG1_HUMAN,,curated,uniprot
CPI-SC0E60FEE99,P01137,aVb6 complex,TGFB1_HUMAN,,curated,"5ffo, PDB"
CPI-SC0E8575642,P32942,aDb2 complex,ICAM3_HUMAN,,curated,uniprot
CPI-SC0E9C058EB,Q03405,a4b1 complex,UPAR_HUMAN,,curated,https://www.ncbi.nlm.nih.gov/pubmed/11053440
CPI-SC0EA3FC100,P39060,a1b1 complex,COIA1_HUMAN,,curated,uniprot
CPI-SC0EACF2D60,Q96A83,a1b1 complex,COQA1_HUMAN,,curated,uniprot
CPI-SC0EAF80261,O75326,a1b1 complex,SEM7A_HUMAN,,curated,PMID: 22325954
CPI-SC0EB600CAC,Q17RW2,a2b1 complex,COOA1_HUMAN,,curated,uniprot
CPI-SC0EB8DC52F,Q08722,SIRB1 complex,CD47_HUMAN,,curated,"2jjs, PDB partially"
CPI-SC0EB9D030F,Q5T4W7,RET receptor 1,ARTN_HUMAN,,curated,uniprot
CPI-SC0EC380922,P00734,aVb3 complex,THRB_HUMAN,,curated,uniprot
CPI-SC0EC4B9BBD,P05014,Type I IFNR,IFNA4_HUMAN,,curated,uniprot
CPI-SC0EC572716,P29400,a1b1 complex,CO4A5_HUMAN,,curated,uniprot
CPI-SC0ECFACED2,P12111,a11b1 complex,CO6A3_HUMAN,,curated,uniprot
CPI-SC0ED0520DD,Q16787,a3b1 complex,LAMA3_HUMAN,,curated,uniprot
CPI-SC0EEF3A379,P11047,a6b1 complex,LAMC1_HUMAN,,curated,uniprot
CPI-SC0EFCE145F,Q99983,aVb3 complex,OMD_HUMAN,,curated,uniprot
CPI-SC0F300DE24,Q99715,a2b1 complex,COCA1_HUMAN,,curated,uniprot
CPI-SC0F486460D,Q8IZI9,Type III IFNR,IFNL3_HUMAN,,curated,PMID: 9208871
CPI-SC0F4AC5AA2,P05362,aLb2 complex,ICAM1_HUMAN,,curated,uniprot
CPI-SC0F4BC2909,P12110,a1b1 complex,CO6A2_HUMAN,,curated,uniprot
CPI-SC0F516B854,P05997,a10b1 complex,CO5A2_HUMAN,,curated,uniprot
CPI-SC0F590482E,Q14055,a1b1 complex,CO9A2_HUMAN,,curated,uniprot
CPI-SC0F73E9099,P02452,a1b1 complex,CO1A1_HUMAN,,curated,uniprot
CPI-SC0F74C069F,P20849,a10b1 complex,CO9A1_HUMAN,,curated,uniprot
CPI-SC0F778DC8E,Q14050,a1b1 complex,CO9A3_HUMAN,,curated,uniprot
CPI-SC0F7E26271,P02452,a11b1 complex,CO1A1_HUMAN,,curated,uniprot
CPI-SC0F8101D41,P27658,a10b1 complex,CO8A1_HUMAN,,curated,uniprot
CPI-SC0F8D27FBC,P39059,a1b1 complex,COFA1_HUMAN,,curated,uniprot
CPI-SC0F94B2CF9,Q07092,a10b1 complex,COGA1_HUMAN,,curated,uniprot
CPI-SC0F9DD28F3,Q9BX67,aMb2 complex,JAM3_HUMAN,,curated,"https://www.ncbi.nlm.nih.gov/pubmed/16118203,https://www.ncbi.nlm.nih.gov/pmc/articles/PMC2194005/"
CPI-SC0FA79E269,P08572,a10b1 complex,CO4A2_HUMAN,,curated,uniprot
CPI-SC0FBFA176B,P12107,a2b1 complex,COBA1_HUMAN,,curated,uniprot
CPI-SC0FC645961,P25940,a2b1 complex,CO5A3_HUMAN,,curated,uniprot
CPI-SC0FDB4B6D9,O60383,TGFR_BMPR2,GDF9_HUMAN,,curated,PMID: 22710174
CPI-SC0FF018913,Q2UY09,a1b1 complex,COSA1_HUMAN,,curated,uniprot
CPI-SS00046DCF3,P54764,P98172,EPHA4_HUMAN,EFNB1_HUMAN,curated,PMID: 15114347
CPI-SS000568A0E,P06734,P20023,FCER2_HUMAN,CR2_HUMAN,curated,"https://www.ncbi.nlm.nih.gov/pubmed/16785534,https://www.ncbi.nlm.nih.gov/pmc/articles/PMC2212946/"
CPI-SS0008137B6,P52798,P54756,EFNA4_HUMAN,EPHA5_HUMAN,curated,PMID: 15114347
CPI-SS00086659A,O95407,P48023,TNF6B_HUMAN,TNFL6_HUMAN,curated,uniprot
CPI-SS00150FB64,P30511,Q8NHL6,HLAF_HUMAN,LIRB1_HUMAN,curated,https://www.ncbi.nlm.nih.gov/pubmed/11169396
CPI-SS001BF66E8,P40199,P40199,CEAM6_HUMAN,CEAM6_HUMAN,curated,https://www.ncbi.nlm.nih.gov/pubmed/11590190
CPI-SS002673EFE,P41221,Q9NPG1,WNT5A_HUMAN,FZD3_HUMAN,curated,PMID: 24032637
CPI-SS003C9A532,Q04721,Q9NYJ7,NOTC2_HUMAN,DLL3_HUMAN,curated,PMID: 22353464
CPI-SS004A073E1,P04629,P20783,NTRK1_HUMAN,NTF3_HUMAN,curated,uniprot
CPI-SS004C23DCE,O14944,P00533,EREG_HUMAN,EGFR_HUMAN,curated,uniprot
CPI-SS00550260E,Q8N126,Q9NQS3,CADM3_HUMAN,PVRL3_HUMAN,curated,uniprot
CPI-SS00561BBD7,P15151,Q495A1,PVR_HUMAN,TIGIT_HUMAN,curated,"PMID: 19815499, Induces NK Cell Inhibition. Reviewed in PMID:24987108"
CPI-SS00661A3A4,Q15223,Q8N126,PVRL1_HUMAN,CADM3_HUMAN,curated,uniprot
CPI-SS006C89002,P51677,Q16663,CCR3_HUMAN,CCL15_HUMAN,curated,uniprot
CPI-SS007AA9FDE,P80370,Q9UM47,DLK1_HUMAN,NOTC3_HUMAN,curated,PMID: 22353464
CPI-SS008EB600F,P41597,P80098,CCR2_HUMAN,CCL7_HUMAN,curated,PMID: 24218476
CPI-SS008FB916C,P09038,P22455,FGF2_HUMAN,FGFR4_HUMAN,curated,uniprot
CPI-SS00AEC3818,Q99731,Q9NPB9,CCL19_HUMAN,ACKR4_HUMAN,curated,PMID: 24218476
CPI-SS00B1BEE64,P06729,P19256,CD2_HUMAN,LFA3_HUMAN,curated,Reviewed in PMID: 23602662
CPI-SS00BBA318F,Q02763,Q9Y264,TIE2_HUMAN,ANGP4_HUMAN,curated,uniprot
CPI-SS00D153A8A,Q99466,Q9NR61,NOTC4_HUMAN,DLL4_HUMAN,curated,PMID: 22353464
CPI-SS00F979E99,P32942,Q9H2X3,ICAM3_HUMAN,CLC4M_HUMAN,curated,https://www.ncbi.nlm.nih.gov/pubmed/15795245
CPI-SS0110361CB,P01374,Q92956,TNFB_HUMAN,TNR14_HUMAN,curated,uniprot
CPI-SS0111AAD26,P29323,P98172,EPHB2_HUMAN,EFNB1_HUMAN,curated,PMID: 15114347
CPI-SS012AFC842,P21741,Q9UM73,MK_HUMAN,ALK_HUMAN,curated,uniprot
CPI-SS012B7C21D,P46531,Q9NR61,NOTC1_HUMAN,DLL4_HUMAN,curated,PMID: 22353464
CPI-SS012CCE326,P29322,P52803,EPHA8_HUMAN,EFNA5_HUMAN,curated,PMID: 15114347
CPI-SS01469637C,Q93097,Q9ULV1,WNT2B_HUMAN,FZD4_HUMAN,curated,PMID: 24032637
CPI-SS01560CA22,P14209,Q9UKJ1,CD99_HUMAN,PILRA_HUMAN,curated,https://www.ncbi.nlm.nih.gov/pubmed/18234675
CPI-SS015E1E2C6,P16109,P28906,LYAM3_HUMAN,CD34_HUMAN,curated,https://www.ncbi.nlm.nih.gov/pubmed/18606703
CPI-SS016EE0084,Q15116,Q9NZQ7,PDCD1_HUMAN,PD1L1_HUMAN,curated,antigen-stimulated T cells become anergic. PMID: 23954143
CPI-SS0178F5C45,P61812,Q03167,TGFB2_HUMAN,TGBR3_HUMAN,curated,uniprot
CPI-SS0179FBFD3,O00220,P50591,TR10A_HUMAN,TNF10_HUMAN,curated,uniprot
CPI-SS019C98396,O43557,Q92956,TNF14_HUMAN,TNR14_HUMAN,curated,uniprot
CPI-SS01A07768A,P15529,P78504,MCP_HUMAN,JAG1_HUMAN,curated,https://www.ncbi.nlm.nih.gov/pubmed/23086448
CPI-SS01A6823FA,P02776,P49682,PLF4_HUMAN,CXCR3_HUMAN,curated,PMID: 24218476
CPI-SS01A8F745A,P21709,P52797,EPHA1_HUMAN,EFNA3_HUMAN,curated,PMID: 15114347
CPI-SS01C2BA5C8,P41221,Q14332,WNT5A_HUMAN,FZD2_HUMAN,curated,PMID: 24032637
CPI-SS01DCC7684,O43921,Q15375,EFNA2_HUMAN,EPHA7_HUMAN,curated,PMID: 15114347
CPI-SS01E0F2D2C,Q15223,Q96NY8,PVRL1_HUMAN,PVRL4_HUMAN,curated,https://www.ncbi.nlm.nih.gov/pubmed/22902367
CPI-SS01ECFDA18,O14798,P50591,TR10C_HUMAN,TNF10_HUMAN,curated,uniprot
CPI-SS01F67987A,P09038,P11362,FGF2_HUMAN,FGFR1_HUMAN,curated,uniprot
CPI-SS02246DA17,P49682,Q07325,CXCR3_HUMAN,CXCL9_HUMAN,curated,PMID: 24218476
CPI-SS0241A1F57,O60462,Q99985,NRP2_HUMAN,SEM3C_HUMAN,curated,uniprot
CPI-SS025C8F785,Q92478,Q9NZS2,CLC2B_HUMAN,KLRF1_HUMAN,curated,Induces NK Cell Activation. Reviewed in PMID: 24223577
CPI-SS0273C9AED,P35968,P49767,VGFR2_HUMAN,VEGFC_HUMAN,curated,uniprot
CPI-SS02770D68F,Q04721,Q9Y219,NOTC2_HUMAN,JAG2_HUMAN,curated,PMID: 22353464
CPI-SS027AFFC0E,O14931,P46379,NCTR3_HUMAN,BAG6_HUMAN,curated,activating interaction from uniprot
CPI-SS027CDEA08,Q04721,Q9NR61,NOTC2_HUMAN,DLL4_HUMAN,curated,PMID: 22353464
CPI-SS027E12A36,P21741,P23471,MK_HUMAN,PTPRZ_HUMAN,curated,PMID: 10212223
CPI-SS028688B7B,P52803,Q15375,EFNA5_HUMAN,EPHA7_HUMAN,curated,PMID: 15114347
CPI-SS0288E42FB,P25024,P80162,CXCR1_HUMAN,CXCL6_HUMAN,curated,PMID: 24218476
CPI-SS029C6E8FA,O95150,O95407,TNF15_HUMAN,TNF6B_HUMAN,curated,uniprot
CPI-SS02A170A99,P16150,Q9BZZ2,LEUK_HUMAN,SN_HUMAN,curated,https://www.ncbi.nlm.nih.gov/pubmed/11238599
CPI-SS02AFCED82,P29317,P52803,EPHA2_HUMAN,EFNA5_HUMAN,curated,PMID: 15114347
CPI-SS02B285B4D,P29322,P52798,EPHA8_HUMAN,EFNA4_HUMAN,curated,PMID: 15114347
CPI-SS02B567BC7,O60486,O75326,PLXC1_HUMAN,SEM7A_HUMAN,curated,PMID: 22325954
CPI-SS02B7540B0,P16109,Q14242,LYAM3_HUMAN,SELPL_HUMAN,curated,"https://www.ncbi.nlm.nih.gov/pubmed/19118202,https://www.ncbi.nlm.nih.gov/pubmed/9829984,https://www.ncbi.nlm.nih.gov/pubmed/12393589"
CPI-SS02C418D99,P09544,Q14332,WNT2_HUMAN,FZD2_HUMAN,curated,PMID: 24032637
CPI-SS02D18D12B,Q8N126,Q8NFZ8,CADM3_HUMAN,CADM4_HUMAN,curated,uniprot
CPI-SS02D7A1DDE,P10721,P21583,KIT_HUMAN,SCF_HUMAN,curated,uniprot
CPI-SS02EF3E1BA,O43508,Q9NP84,TNF12_HUMAN,TNR12_HUMAN,curated,uniprot
CPI-SS02FBD007E,Q92692,Q9NQS3,PVRL2_HUMAN,PVRL3_HUMAN,curated,"https://www.ncbi.nlm.nih.gov/pubmed/19011627,https://www.ncbi.nlm.nih.gov/pubmed/12740392/"
CPI-SS03098AC28,Q15303,Q99075,ERBB4_HUMAN,HBEGF_HUMAN,curated,uniprot
CPI-SS030BB46BB,P04083,P25090,ANXA1_HUMAN,FPR2_HUMAN,curated,PMID: 22610094
CPI-SS0315F51DD,P10145,P25025,IL8_HUMAN,CXCR2_HUMAN,curated,PMID: 24218476
CPI-SS03165AD8C,O00590,P13500,ACKR2_HUMAN,CCL2_HUMAN,curated,PMID: 24218476
CPI-SS03188FD02,P51685,P55774,CCR8_HUMAN,CCL18_HUMAN,curated,PMID: 24218476
CPI-SS0320FFAFC,P16410,P33681,CTLA4_HUMAN,CD80_HUMAN,curated,antigen-stimulated T cells become anergic. Reviewed in PMID: 23954143
CPI-SS0322747C2,P06731,P40199,CEAM5_HUMAN,CEAM6_HUMAN,curated,uniprot
CPI-SS032E9A219,P49238,P78423,CX3C1_HUMAN,X3CL1_HUMAN,curated,PMID: 24218476
CPI-SS03339363E,P13747,P26718,HLAE_HUMAN,NKG2D_HUMAN,curated,Induces NK Cell Activation. Reviewed in PMID: 24223577
CPI-SS0339AE950,P78324,Q08722,SHPS1_HUMAN,CD47_HUMAN,curated,Reviewed in PMID: 23602662
CPI-SS033A27302,O00292,P13385,LFTY2_HUMAN,TDGF1_HUMAN,curated,PMID: 22710174
CPI-SS033E6DE7E,O14786,P49765,NRP1_HUMAN,VEGFB_HUMAN,curated,uniprot
CPI-SS0348B76E5,O15467,P32246,CCL16_HUMAN,CCR1_HUMAN,curated,PMID: 24218476
CPI-SS035E5A708,Q9NYJ7,Q9UM47,DLL3_HUMAN,NOTC3_HUMAN,curated,PMID: 22353464
CPI-SS036437279,Q02413,Q02487,DSG1_HUMAN,DSC2_HUMAN,curated,https://www.ncbi.nlm.nih.gov/pubmed/27298358
CPI-SS037E6BEDF,P20827,P29322,EFNA1_HUMAN,EPHA8_HUMAN,curated,PMID: 15114347
CPI-SS03859E16F,Q495A1,Q9NQS3,TIGIT_HUMAN,PVRL3_HUMAN,curated,PMID: 1313846
CPI-SS039799099,P11362,P13591,FGFR1_HUMAN,NCAM1_HUMAN,curated,https://www.ncbi.nlm.nih.gov/pubmed/12791257
CPI-SS039863E62,O15444,P51686,CCL25_HUMAN,CCR9_HUMAN,curated,PMID: 24218476
CPI-SS03A0C857B,P25445,P48023,TNR6_HUMAN,TNFL6_HUMAN,curated,uniprot
CPI-SS03A2EFDD5,P21709,P52803,EPHA1_HUMAN,EFNA5_HUMAN,curated,PMID: 15114347
CPI-SS03C51D352,O14836,Q9Y275,TR13B_HUMAN,TN13B_HUMAN,curated,uniprot
CPI-SS03CC15FF3,P16234,Q9NRA1,PGFRA_HUMAN,PDGFC_HUMAN,curated,uniprot
CPI-SS03E273233,P29274,P49961,AA2AR_HUMAN,ENTP1_HUMAN,curated,uniprot
CPI-SS03E450F99,P20827,Q15375,EFNA1_HUMAN,EPHA7_HUMAN,curated,PMID: 15114347
CPI-SS03E7587E4,P30542,P49961,AA1R_HUMAN,ENTP1_HUMAN,curated,uniprot
CPI-SS03EACE0E0,P26927,Q04912,HGFL_HUMAN,RON_HUMAN,curated,PMID: 23792360
CPI-SS03EF699C7,P13747,P26715,HLAE_HUMAN,NKG2A_HUMAN,curated,Induces NK Cell Inhibition. Reviewed in PMID: 24223577
CPI-SS03F821467,P40200,Q15223,TACT_HUMAN,PVRL1_HUMAN,curated,PMID: 17971293
CPI-SS0412C803A,P28908,P32971,TNR8_HUMAN,TNFL8_HUMAN,curated,uniprot
CPI-SS041888D39,P29320,P52798,EPHA3_HUMAN,EFNA4_HUMAN,curated,PMID: 15114347
CPI-SS0423580E5,O00548,Q04721,DLL1_HUMAN,NOTC2_HUMAN,curated,PMID: 22353464
CPI-SS04293B7DA,P30511,Q14943,HLAF_HUMAN,KI3S1_HUMAN,curated,https://www.ncbi.nlm.nih.gov/pubmed/27455421
CPI-SS042A6F835,P01344,P11717,IGF2_HUMAN,MPRI_HUMAN,curated,uniprot
CPI-SS04318D03E,O00590,P10147,ACKR2_HUMAN,CCL3_HUMAN,curated,PMID: 24218476
CPI-SS0431D2256,P41273,Q07011,TNFL9_HUMAN,TNR9_HUMAN,curated,uniprot
CPI-SS04456F441,P23510,P43489,TNFL4_HUMAN,TNR4_HUMAN,curated,uniprot
CPI-SS044C72D0D,Q9H3S1,Q9Y4D7,SEM4A_HUMAN,PLXD1_HUMAN,curated,PMID: 22325954
CPI-SS045A5FC60,O00590,Q16627,ACKR2_HUMAN,CCL14_HUMAN,curated,PMID: 24218476
CPI-SS046F6F0C1,P20827,P29317,EFNA1_HUMAN,EPHA2_HUMAN,curated,PMID: 15114347
CPI-SS0470AF83E,P54762,P98172,EPHB1_HUMAN,EFNB1_HUMAN,curated,PMID: 15114347
CPI-SS047232C64,O00548,Q9UM47,DLL1_HUMAN,NOTC3_HUMAN,curated,PMID: 22353464
CPI-SS0481D83A4,P00533,P15514,EGFR_HUMAN,AREG_HUMAN,curated,uniprot
CPI-SS048242083,P30511,P43629,HLAF_HUMAN,KI3L1_HUMAN,curated,https://www.ncbi.nlm.nih.gov/pubmed/27455421
CPI-SS04A5D6B6F,O00548,P46531,DLL1_HUMAN,NOTC1_HUMAN,curated,PMID: 22353464
CPI-SS04B4619D0,P01375,P19438,TNFA_HUMAN,TNR1A_HUMAN,curated,uniprot
CPI-SS04BE14432,P55103,Q13705,INHBC_HUMAN,AVR2B_HUMAN,curated,PMID: 22710174
CPI-SS04C672963,Q96AP7,Q96AP7,ESAM_HUMAN,ESAM_HUMAN,curated,https://www.ncbi.nlm.nih.gov/pubmed/11279107
CPI-SS04C8BC444,D3W0D1,Q6UVW9,KLRF2_HUMAN,CLC2A_HUMAN,curated,Induces NK Cell Activation. Reviewed in PMID: 24223577
CPI-SS04E690D72,P21246,P23471,PTN_HUMAN,PTPRZ_HUMAN,curated,PMID: 25644401
CPI-SS04EE957D8,P32246,Q9Y258,CCR1_HUMAN,CCL26_HUMAN,curated,PMID: 24218476
CPI-SS04F90EE0D,P16581,Q92896,LYAM2_HUMAN,GSLG1_HUMAN,curated,https://www.ncbi.nlm.nih.gov/pubmed/11404363/
CPI-SS05162C56B,P20783,Q16288,NTF3_HUMAN,NTRK3_HUMAN,curated,uniprot
CPI-SS052127A00,P01138,P04629,NGF_HUMAN,NTRK1_HUMAN,curated,uniprot
CPI-SS052B38F1C,O00626,P51679,CCL22_HUMAN,CCR4_HUMAN,curated,PMID: 24218476
CPI-SS052BBD9F9,P09341,Q16570,GROA_HUMAN,ACKR1_HUMAN,curated,PMID: 24218476
CPI-SS052D34F0B,P46094,Q9UBD3,XCR1_HUMAN,XCL2_HUMAN,curated,uniprot
CPI-SS053613259,O14511,P21860,NRG2_HUMAN,ERBB3_HUMAN,curated,uniprot
CPI-SS05550A895,O00755,Q13467,WNT7A_HUMAN,FZD5_HUMAN,curated,PMID: 24032637
CPI-SS055B305F1,P13688,Q9NNX6,CEAM1_HUMAN,CD209_HUMAN,curated,"https://www.ncbi.nlm.nih.gov/pubmed/16282604,https://www.ncbi.nlm.nih.gov/pubmed/16246332"
CPI-SS056FF4363,P09326,Q9BZW8,CD48_HUMAN,CD244_HUMAN,curated,activating interaction. uniprot & PMID: 26697006
CPI-SS0579FA162,P01344,P08069,IGF2_HUMAN,IGF1R_HUMAN,curated,PMID: 27102148
CPI-SS0586F2596,P29323,P52803,EPHB2_HUMAN,EFNA5_HUMAN,curated,PMID:15107857; PMID: 15114347
CPI-SS059CC19A3,P32246,Q16627,CCR1_HUMAN,CCL14_HUMAN,curated,PMID: 24218476
CPI-SS05A26A1DE,P01127,P09619,PDGFB_HUMAN,PGFRB_HUMAN,curated,uniprot
CPI-SS05A94DE17,P09038,P21802,FGF2_HUMAN,FGFR2_HUMAN,curated,uniprot
CPI-SS05B4EB419,P52797,P54764,EFNA3_HUMAN,EPHA4_HUMAN,curated,PMID: 15114347
CPI-SS05B7D3407,P13501,Q16570,CCL5_HUMAN,ACKR1_HUMAN,curated,PMID: 24218476
CPI-SS05CE87F88,P17693,Q8NHL6,HLAG_HUMAN,LIRB1_HUMAN,curated,"uniprot, Induces NK Cell Inhibition. Reviewed in PMID:24987108"
CPI-SS05D7900BF,P21246,Q9UM73,PTN_HUMAN,ALK_HUMAN,curated,uniprot
CPI-SS05E4B1EBC,P01308,P06213,INS_HUMAN,INSR_HUMAN,curated,uniprot
CPI-SS05E63FBEC,P25024,P42830,CXCR1_HUMAN,CXCL5_HUMAN,curated,PMID: 24218476
CPI-SS05E6D620E,P21709,P52798,EPHA1_HUMAN,EFNA4_HUMAN,curated,PMID: 15114347
CPI-SS05FEE05CB,Q99466,Q9Y219,NOTC4_HUMAN,JAG2_HUMAN,curated,PMID: 22353464
CPI-SS0607D1101,P46531,Q9NYJ7,NOTC1_HUMAN,DLL3_HUMAN,curated,PMID: 22353464
CPI-SS060B82BBC,P78504,Q04721,JAG1_HUMAN,NOTC2_HUMAN,curated,PMID: 22353464
CPI-SS061A7E099,P08174,P48960,DAF_HUMAN,CD97_HUMAN,curated,https://www.ncbi.nlm.nih.gov/pubmed/11297558
CPI-SS06207F70E,Q15762,Q92692,CD226_HUMAN,PVRL2_HUMAN,curated,"activating interaction PMID: 15607800, NK cell cytotoxicity. PMID: 24440149"
CPI-SS062307CFE,Q02413,Q08554,DSG1_HUMAN,DSC1_HUMAN,curated,https://www.ncbi.nlm.nih.gov/pubmed/27298358
CPI-SS0659DBE72,P52798,P54764,EFNA4_HUMAN,EPHA4_HUMAN,curated,PMID: 15114347
CPI-SS066FBE098,P35225,Q14627,IL13_HUMAN,I13R2_HUMAN,curated,PMID: 26471366
CPI-SS066FE05CA,P41159,P48357,LEP_HUMAN,LEPR_HUMAN,curated,uniprot
CPI-SS067BA9202,Q6GTX8,Q8NHJ6,LAIR1_HUMAN,LIRB4_HUMAN,curated,https://www.ncbi.nlm.nih.gov/pubmed/19283782/
CPI-SS0698C4DC4,P10145,P25024,IL8_HUMAN,CXCR1_HUMAN,curated,PMID: 24218476
CPI-SS06AA638A8,P21854,Q92854,CD72_HUMAN,SEM4D_HUMAN,curated,PMID: 22325954
CPI-SS06ABF2F5A,P16109,P25063,LYAM3_HUMAN,CD24_HUMAN,curated,https://www.ncbi.nlm.nih.gov/pubmed/9129046
CPI-SS06B0861F1,O00590,Q99616,ACKR2_HUMAN,CCL13_HUMAN,curated,PMID: 24218476
CPI-SS06BC4D123,P21860,P35070,ERBB3_HUMAN,BTC_HUMAN,curated,uniprot
CPI-SS06C0074BD,O00585,P32248,CCL21_HUMAN,CCR7_HUMAN,curated,PMID: 24218476
CPI-SS06CBC985C,P36941,Q06643,TNR3_HUMAN,TNFC_HUMAN,curated,uniprot
CPI-SS06D13FCD3,Q02487,Q14126,DSC2_HUMAN,DSG2_HUMAN,curated,https://www.ncbi.nlm.nih.gov/pubmed/27298358
CPI-SS06F83AE58,P16070,P16581,CD44_HUMAN,LYAM2_HUMAN,curated,https://www.ncbi.nlm.nih.gov/pmc/articles/PMC4571854/
CPI-SS070C51D94,O75084,P56703,FZD7_HUMAN,WNT3_HUMAN,curated,PMID: 24032637
CPI-SS07327E587,P10747,P33681,CD28_HUMAN,CD80_HUMAN,curated,antigen-stimulated T cells become activated. Reviewed in PMID: 23954143
CPI-SS073811AB3,O00300,O14788,TR11B_HUMAN,TNF11_HUMAN,curated,uniprot
CPI-SS073C1B796,P31358,Q96LC7,CD52_HUMAN,SIG10_HUMAN,curated,https://www.ncbi.nlm.nih.gov/pubmed/23685786
CPI-SS074CF011C,Q15303,Q8WWG1,ERBB4_HUMAN,NRG4_HUMAN,curated,uniprot
CPI-SS0755A26DD,P05230,P11362,FGF1_HUMAN,FGFR1_HUMAN,curated,uniprot
CPI-SS0762B455F,P20827,P54756,EFNA1_HUMAN,EPHA5_HUMAN,curated,PMID: 15114347
CPI-SS076FEB261,P36888,P49771,FLT3_HUMAN,FLT3L_HUMAN,curated,uniprot
CPI-SS077D7365D,P10747,P42081,CD28_HUMAN,CD86_HUMAN,curated,antigen-stimulated T cells become activated. Reviewed in PMID: 23954143
CPI-SS079728E8B,P29275,P49961,AA2BR_HUMAN,ENTP1_HUMAN,curated,uniprot
CPI-SS079EF5D9C,P52797,P54756,EFNA3_HUMAN,EPHA5_HUMAN,curated,PMID: 15114347
CPI-SS07AB1C381,P02775,P25024,CXCL7_HUMAN,CXCR1_HUMAN,curated,PMID: 24218476
CPI-SS07BECB892,P29317,P52797,EPHA2_HUMAN,EFNA3_HUMAN,curated,PMID: 15114347
CPI-SS07CA5A6F1,P54764,Q15768,EPHA4_HUMAN,EFNB3_HUMAN,curated,PMID: 15114347
CPI-SS07D9A48A2,P01374,P20333,TNFB_HUMAN,TNR1B_HUMAN,curated,uniprot
CPI-SS07F015051,P51684,P78556,CCR6_HUMAN,CCL20_HUMAN,curated,PMID: 24218476
CPI-SS07F042076,P00533,Q6UW88,EGFR_HUMAN,EPGN_HUMAN,curated,uniprot
CPI-SS07F60834D,P08581,P14210,MET_HUMAN,HGF_HUMAN,curated,uniprot
CPI-SS080683E15,P02778,P49682,CXL10_HUMAN,CXCR3_HUMAN,curated,PMID: 24218476
CPI-SS08083B141,O14786,Q14563,NRP1_HUMAN,SEM3A_HUMAN,curated,uniprot
CPI-SS08102DC9E,P09341,P25025,GROA_HUMAN,CXCR2_HUMAN,curated,PMID: 24218476
CPI-SS0815A0EE0,P51677,Q9Y258,CCR3_HUMAN,CCL26_HUMAN,curated,PMID: 24218476
CPI-SS0817CE2B3,P16619,P32246,CL3L1_HUMAN,CCR1_HUMAN,curated,PMID: 24218476
CPI-SS081AD39D7,P16284,Q8N6Q3,PECA1_HUMAN,CD177_HUMAN,curated,https://www.ncbi.nlm.nih.gov/pubmed/17580308
CPI-SS0822AEF5F,P08575,P22897,PTPRC_HUMAN,MRC1_HUMAN,curated,"https://www.ncbi.nlm.nih.gov/pubmed/27601670,https://www.ncbi.nlm.nih.gov/pubmed/10575006"
CPI-SS082ABF1EA,P52799,P54753,EFNB2_HUMAN,EPHB3_HUMAN,curated,PMID: 15114347
CPI-SS082AD7B6A,O60353,P41221,FZD6_HUMAN,WNT5A_HUMAN,curated,PMID: 24032637
CPI-SS0830C7910,O43921,P29322,EFNA2_HUMAN,EPHA8_HUMAN,curated,PMID: 15114347
CPI-SS083296041,P25942,P29965,TNR5_HUMAN,CD40L_HUMAN,curated,Reviewed in PMID: 23602662
CPI-SS08376F0E6,P09919,Q99062,CSF3_HUMAN,CSF3R_HUMAN,curated,uniprot
CPI-SS0837E9F59,P78504,Q99466,JAG1_HUMAN,NOTC4_HUMAN,curated,PMID: 22353464
CPI-SS083B5EBAB,O43927,Q9NPB9,CXL13_HUMAN,ACKR4_HUMAN,curated,PMID: 24218476
CPI-SS084BE3E4B,P01374,P19438,TNFB_HUMAN,TNR1A_HUMAN,curated,uniprot
CPI-SS0855C0353,O14786,P49763,NRP1_HUMAN,PLGF_HUMAN,curated,uniprot
CPI-SS0859C173B,O43557,P36941,TNF14_HUMAN,TNR3_HUMAN,curated,uniprot
CPI-SS085EE60B1,P01137,Q03167,TGFB1_HUMAN,TGBR3_HUMAN,curated,uniprot
CPI-SS0865716E5,P54760,Q15768,EPHB4_HUMAN,EFNB3_HUMAN,curated,PMID: 15114347
CPI-SS086A1C18B,P16581,Q14242,LYAM2_HUMAN,SELPL_HUMAN,curated,https://www.ncbi.nlm.nih.gov/pmc/articles/PMC4571854/
CPI-SS08718E4FB,O15197,Q15768,EPHB6_HUMAN,EFNB3_HUMAN,curated,PMID: 15114347
CPI-SS087321EB5,P14151,Q14242,LYAM1_HUMAN,SELPL_HUMAN,curated,"https://www.ncbi.nlm.nih.gov/pmc/articles/PMC2431087/,https://www.ncbi.nlm.nih.gov/pubmed/8892633,https://www.ncbi.nlm.nih.gov/pubmed/8896607"
CPI-SS0879B8E95,O95971,Q92956,BY55_HUMAN,TNR14_HUMAN,curated,https://www.ncbi.nlm.nih.gov/pubmed/21959263
CPI-SS087A17AD6,P01588,P19235,EPO_HUMAN,EPOR_HUMAN,curated,uniprot
CPI-SS087B53ABF,P57087,Q9BX67,JAM2_HUMAN,JAM3_HUMAN,curated,"https://www.ncbi.nlm.nih.gov/pmc/articles/PMC1237098/,https://www.ncbi.nlm.nih.gov/pubmed/11590146"
CPI-SS087BD262F,P25025,P42830,CXCR2_HUMAN,CXCL5_HUMAN,curated,PMID: 24218476
CPI-SS087E0E3FB,P52799,P54764,EFNB2_HUMAN,EPHA4_HUMAN,curated,PMID: 15114347
CPI-SS0889E281D,Q9BY67,Q9BY67,CADM1_HUMAN,CADM1_HUMAN,curated,https://www.ncbi.nlm.nih.gov/pubmed/24503895
CPI-SS08920B6FF,O00592,P14151,PODXL_HUMAN,LYAM1_HUMAN,curated,https://www.ncbi.nlm.nih.gov/pubmed/22814396
CPI-SS0898D7F7F,O14763,P50591,TR10B_HUMAN,TNF10_HUMAN,curated,uniprot
CPI-SS08991B378,P30203,Q13740,CD6_HUMAN,CD166_HUMAN,curated,Reviewed in PMID: 23602662
CPI-SS08A54963F,O43921,P29317,EFNA2_HUMAN,EPHA2_HUMAN,curated,PMID: 15114347
CPI-SS08B91FD2A,P32246,P80098,CCR1_HUMAN,CCL7_HUMAN,curated,PMID: 24218476
CPI-SS08B94BEB2,Q08554,Q14126,DSC1_HUMAN,DSG2_HUMAN,curated,https://www.ncbi.nlm.nih.gov/pubmed/27298358
CPI-SS08BFF4F9B,P10147,P51677,CCL3_HUMAN,CCR3_HUMAN,curated,PMID: 24218476
CPI-SS08C3D27F7,P46531,Q9Y219,NOTC1_HUMAN,JAG2_HUMAN,curated,PMID: 22353464
CPI-SS08C411721,P31997,P40199,CEAM8_HUMAN,CEAM6_HUMAN,curated,https://www.ncbi.nlm.nih.gov/pubmed/11590190
CPI-SS08D0F9109,P52799,P54760,EFNB2_HUMAN,EPHB4_HUMAN,curated,PMID: 15114347
CPI-SS08DA48A5A,P10147,P32246,CCL3_HUMAN,CCR1_HUMAN,curated,PMID: 24218476
CPI-SS08E13FAF2,O00590,P51671,ACKR2_HUMAN,CCL11_HUMAN,curated,PMID: 24218476
CPI-SS08F13AD5C,P33681,Q9NZQ7,CD80_HUMAN,PD1L1_HUMAN,curated,"https://www.ncbi.nlm.nih.gov/pubmed/17629517,https://www.ncbi.nlm.nih.gov/pubmed/18585785,https://www.ncbi.nlm.nih.gov/pmc/articles/PMC3168865/"
CPI-SS08FAC0A55,O15031,Q92854,PLXB2_HUMAN,SEM4D_HUMAN,curated,PMID: 22325954
CPI-SS09000F32A,Q02413,Q14574,DSG1_HUMAN,DSC3_HUMAN,curated,https://www.ncbi.nlm.nih.gov/pubmed/27298358
CPI-SS090FC28E1,O15197,P52799,EPHB6_HUMAN,EFNB2_HUMAN,curated,PMID: 15114347
CPI-SS0911EECCC,P10145,Q16570,IL8_HUMAN,ACKR1_HUMAN,curated,PMID: 24218476
CPI-SS0917CBD53,HLAC,P43628,HLAC,KI2L3_HUMAN,curated,PMID: 28484462
CPI-SS09185EA8F,P19876,P25025,CXCL3_HUMAN,CXCR2_HUMAN,curated,PMID: 24218476
CPI-SS09199F78C,P32246,P55773,CCR1_HUMAN,CCL23_HUMAN,curated,PMID: 24218476
CPI-SS092C1B321,P41597,Q9Y258,CCR2_HUMAN,CCL26_HUMAN,curated,PMID: 24218476
CPI-SS0938C6980,Q9NR61,Q9UM47,DLL4_HUMAN,NOTC3_HUMAN,curated,PMID: 22353464
CPI-SS093922D5A,O15467,P41597,CCL16_HUMAN,CCR2_HUMAN,curated,PMID: 24218476
CPI-SS093E05DD4,P20783,Q16620,NTF3_HUMAN,NTRK2_HUMAN,curated,uniprot
CPI-SS0947A8549,P17948,P49765,VGFR1_HUMAN,VEGFB_HUMAN,curated,uniprot
CPI-SS095DCA7F7,P59901,Q10589,LIRA4_HUMAN,BST2_HUMAN,curated,https://www.ncbi.nlm.nih.gov/pubmed/19564354/
CPI-SS095E52E66,P50591,Q9UBN6,TNF10_HUMAN,TR10D_HUMAN,curated,uniprot
CPI-SS09808DEAE,P04233,P05067,HG2A_HUMAN,A4_HUMAN,curated,https://www.ncbi.nlm.nih.gov/pubmed/19849849
CPI-SS0987A89AE,HLAB,P43630,HLAB,KI3L2_HUMAN,curated,uniprot
CPI-SS098EFF959,P32248,Q99731,CCR7_HUMAN,CCL19_HUMAN,curated,PMID: 24218476
CPI-SS099C401F7,P27037,P58166,AVR2A_HUMAN,INHBE_HUMAN,curated,PMID: 22710174
CPI-SS09AFCF898,P41597,P80075,CCR2_HUMAN,CCL8_HUMAN,curated,PMID: 24218476
CPI-SS09C06644C,Q8N126,Q9BY67,CADM3_HUMAN,CADM1_HUMAN,curated,uniprot
CPI-SS09C4FCB90,P05362,P16150,ICAM1_HUMAN,LEUK_HUMAN,curated,https://www.ncbi.nlm.nih.gov/pubmed/1683685
CPI-SS09CA492BA,P20827,P29320,EFNA1_HUMAN,EPHA3_HUMAN,curated,PMID: 15114347
CPI-SS09CCC0451,P58166,Q13705,INHBE_HUMAN,AVR2B_HUMAN,curated,PMID: 22710174
CPI-SS09D379E5B,Q99466,Q9NYJ7,NOTC4_HUMAN,DLL3_HUMAN,curated,PMID: 22353464
CPI-SS09E3F5044,P52803,P54756,EFNA5_HUMAN,EPHA5_HUMAN,curated,PMID: 15114347
CPI-SS09F973C1A,P29317,P52798,EPHA2_HUMAN,EFNA4_HUMAN,curated,PMID: 15114347
CPI-SS09FAC4977,O14625,P49682,CXL11_HUMAN,CXCR3_HUMAN,curated,PMID: 24218476
CPI-SS09FF3A1EA,O00144,P09544,FZD9_HUMAN,WNT2_HUMAN,curated,PMID: 24032637
CPI-SS0A021DB6E,P13501,P32246,CCL5_HUMAN,CCR1_HUMAN,curated,PMID: 24218476
CPI-SS0A19E9C34,P00533,P35070,EGFR_HUMAN,BTC_HUMAN,curated,uniprot
CPI-SS0A28DCA72,P48061,P61073,SDF1_HUMAN,CXCR4_HUMAN,curated,PMID: 24218476
CPI-SS0A2949959,P32942,Q9NNX6,ICAM3_HUMAN,CD209_HUMAN,curated,https://www.ncbi.nlm.nih.gov/pubmed/15795245
CPI-SS0A2D7895C,P13688,P40199,CEAM1_HUMAN,CEAM6_HUMAN,curated,https://www.ncbi.nlm.nih.gov/pubmed/21982860
CPI-SS0A34EE366,P46531,P80370,NOTC1_HUMAN,DLK1_HUMAN,curated,PMID: 22353464
CPI-SS0A5B945E3,P54753,Q15768,EPHB3_HUMAN,EFNB3_HUMAN,curated,PMID: 15114347
CPI-SS0A5DF05C0,Q495A1,Q92692,TIGIT_HUMAN,PVRL2_HUMAN,curated,"PMID: 1313846, Induces NK Cell Inhibition. Reviewed in PMID:24987108"
CPI-SS0A683CBC1,P56706,Q9ULW2,WNT7B_HUMAN,FZD10_HUMAN,curated,PMID: 24032637
CPI-SS0A76A8E97,P30511,Q8N423,HLAF_HUMAN,LIRB2_HUMAN,curated,https://www.ncbi.nlm.nih.gov/pubmed/11169396
CPI-SS0A8627ED6,P15151,Q15762,PVR_HUMAN,CD226_HUMAN,curated,"activating interaction PMID: 15607800, NK cell cytotoxicity. PMID: 24440149"
CPI-SS0A93C11C8,P08138,P23560,TNR16_HUMAN,BDNF_HUMAN,curated,uniprot
CPI-SS0A9E884E0,P41217,Q8TD46,OX2G_HUMAN,MO2R1_HUMAN,curated,"PMID: 22020332, also called CD200-CD200R"
CPI-SS0AB0604B5,P29320,P52797,EPHA3_HUMAN,EFNA3_HUMAN,curated,PMID: 15114347
CPI-SS0AB21032D,O15031,Q9C0C4,PLXB2_HUMAN,SEM4C_HUMAN,curated,uniprot
CPI-SS0ABD11350,HLAC,P43626,HLAC,KI2L1_HUMAN,curated,PMID: 28484462
CPI-SS0AC66088D,P06731,P15813,CEAM5_HUMAN,CD1D_HUMAN,curated,https://www.ncbi.nlm.nih.gov/pubmed/24104458
CPI-SS0ACD487F0,P32004,P32004,L1CAM_HUMAN,L1CAM_HUMAN,curated,https://www.ncbi.nlm.nih.gov/pubmed/18701456/
CPI-SS0AD0ED887,O00300,P50591,TR11B_HUMAN,TNF10_HUMAN,curated,uniprot
CPI-SS0ADA38C78,O00590,P80098,ACKR2_HUMAN,CCL7_HUMAN,curated,PMID: 24218476
CPI-SS0ADA587B4,P08138,P20783,TNR16_HUMAN,NTF3_HUMAN,curated,uniprot
CPI-SS0AE4CF4E7,O00590,P13501,ACKR2_HUMAN,CCL5_HUMAN,curated,PMID: 24218476
CPI-SS0AEC33FF1,O00626,P27487,CCL22_HUMAN,DPP4_HUMAN,curated,PMID: 24218476
CPI-SS0AFE077D8,O00590,P13236,ACKR2_HUMAN,CCL4_HUMAN,curated,PMID: 24218476
CPI-SS0B01CF3AB,P07333,P09603,CSF1R_HUMAN,CSF1_HUMAN,curated,uniprot
CPI-SS0B01D306C,P13501,P51681,CCL5_HUMAN,CCR5_HUMAN,curated,PMID: 24218476
CPI-SS0B0AC1603,O00175,P51677,CCL24_HUMAN,CCR3_HUMAN,curated,PMID: 24218476
CPI-SS0B0E09B1C,P16410,P42081,CTLA4_HUMAN,CD86_HUMAN,curated,antigen-stimulated T cells become anergic. Reviewed in PMID: 23954143
CPI-SS0B186A32C,P51681,P80098,CCR5_HUMAN,CCL7_HUMAN,curated,PMID: 24218476
CPI-SS0B2979A10,P46092,Q9Y4X3,CCR10_HUMAN,CCL27_HUMAN,curated,PMID: 24218476
CPI-SS0B2D5BA95,P41221,Q9UP38,WNT5A_HUMAN,FZD1_HUMAN,curated,PMID: 24032637
CPI-SS0B337B316,Q02763,Q15389,TIE2_HUMAN,ANGP1_HUMAN,curated,uniprot
CPI-SS0B34CBA4B,O43921,P21709,EFNA2_HUMAN,EPHA1_HUMAN,curated,PMID: 15114347
CPI-SS0B3829651,Q8N126,Q9H4G0,CADM3_HUMAN,E41L1_HUMAN,curated,uniprot
CPI-SS0B537DD3F,P06731,P13688,CEAM5_HUMAN,CEAM1_HUMAN,curated,Induces NK Cell Inhibition. Reviewed in PMID:24987108
CPI-SS0B6643F31,P46094,P47992,XCR1_HUMAN,XCL1_HUMAN,curated,PMID: 24218476
CPI-SS0B6F0C894,Q14126,Q14574,DSG2_HUMAN,DSC3_HUMAN,curated,https://www.ncbi.nlm.nih.gov/pubmed/27298358
CPI-SS0B70EB09E,P04085,P16234,PDGFA_HUMAN,PGFRA_HUMAN,curated,uniprot
CPI-SS0B784A03E,P22362,P51685,CCL1_HUMAN,CCR8_HUMAN,curated,PMID: 24218476
CPI-SS0B8083B44,P56706,Q9ULV1,WNT7B_HUMAN,FZD4_HUMAN,curated,PMID: 24032637
CPI-SS0B84DAE3D,P15151,P40200,PVR_HUMAN,TACT_HUMAN,curated,uniprot
CPI-SS0B87FE6E0,P46531,P78504,NOTC1_HUMAN,JAG1_HUMAN,curated,PMID: 22353464
CPI-SS0B89DD8C1,O75888,Q02223,TNF13_HUMAN,TNR17_HUMAN,curated,uniprot
CPI-SS0B990492C,Q9BY67,Q9NQS3,CADM1_HUMAN,PVRL3_HUMAN,curated,uniprot
CPI-SS0B99F22A2,P78504,Q9UM47,JAG1_HUMAN,NOTC3_HUMAN,curated,PMID: 22353464
CPI-SS0B9B3870A,P15692,P17948,VEGFA_HUMAN,VGFR1_HUMAN,curated,uniprot
CPI-SS0B9DC75DD,O43557,O95407,TNF14_HUMAN,TNF6B_HUMAN,curated,uniprot
CPI-SS0B9E8C0DE,P29323,P52799,EPHB2_HUMAN,EFNB2_HUMAN,curated,PMID: 15114347
CPI-SS0BA3A1C3A,P08138,P34130,TNR16_HUMAN,NTF4_HUMAN,curated,uniprot
CPI-SS0BA601DC4,P23560,Q16620,BDNF_HUMAN,NTRK2_HUMAN,curated,uniprot
CPI-SS0BAB460FF,O15123,Q02763,ANGP2_HUMAN,TIE2_HUMAN,curated,uniprot
CPI-SS0BD5C2A23,Q02297,Q15303,NRG1_HUMAN,ERBB4_HUMAN,curated,uniprot
CPI-SS0BDC04683,P13688,P16581,CEAM1_HUMAN,LYAM2_HUMAN,curated,https://www.ncbi.nlm.nih.gov/pubmed/1378450
CPI-SS0BDD10277,P30511,P43630,HLAF_HUMAN,KI3L2_HUMAN,curated,https://www.ncbi.nlm.nih.gov/pubmed/27455421
CPI-SS0BE8BE8E9,O00590,P80075,ACKR2_HUMAN,CCL8_HUMAN,curated,PMID: 24218476
CPI-SS0BEAB521F,P29320,P52803,EPHA3_HUMAN,EFNA5_HUMAN,curated,PMID: 15114347
CPI-SS0BF9FA3F2,P21860,Q02297,ERBB3_HUMAN,NRG1_HUMAN,curated,uniprot
CPI-SS0BFD8E056,P52799,P54762,EFNB2_HUMAN,EPHB1_HUMAN,curated,PMID: 15114347
CPI-SS0C03F7CDC,P15692,P35968,VEGFA_HUMAN,VGFR2_HUMAN,curated,uniprot
CPI-SS0C090A257,P10147,P51681,CCL3_HUMAN,CCR5_HUMAN,curated,PMID: 15251452
CPI-SS0C0A61F92,O15031,Q9NTN9,PLXB2_HUMAN,SEM4G_HUMAN,curated,uniprot
CPI-SS0C10824C7,P00533,Q99075,EGFR_HUMAN,HBEGF_HUMAN,curated,uniprot
CPI-SS0C1F25516,P01732,P06731,CD8A_HUMAN,CEAM5_HUMAN,curated,https://www.ncbi.nlm.nih.gov/pubmed/24104458
CPI-SS0C2437E0D,O43927,P32302,CXL13_HUMAN,CXCR5_HUMAN,curated,PMID: 24218476
CPI-SS0C2561156,P09544,Q9ULV1,WNT2_HUMAN,FZD4_HUMAN,curated,PMID: 24032637
CPI-SS0C491A3C1,P02775,P25025,CXCL7_HUMAN,CXCR2_HUMAN,curated,PMID: 24218476
CPI-SS0C4D54E39,Q9UM47,Q9Y219,NOTC3_HUMAN,JAG2_HUMAN,curated,PMID: 22353464
CPI-SS0C4FA643F,P13747,P26717,HLAE_HUMAN,NKG2C_HUMAN,curated,activating interaction. uniprot & PMID: 26697006
CPI-SS0C5E9FBFB,Q15223,Q9NQS3,PVRL1_HUMAN,PVRL3_HUMAN,curated,https://www.ncbi.nlm.nih.gov/pubmed/12740392/
CPI-SS0C62E5DD8,P09341,P25024,GROA_HUMAN,CXCR1_HUMAN,curated,PMID: 24218476
CPI-SS0C6311D2D,P16619,P51677,CL3L1_HUMAN,CCR3_HUMAN,curated,PMID: 24218476
CPI-SS0C7915758,P25025,P80162,CXCR2_HUMAN,CXCL6_HUMAN,curated,PMID: 24218476
CPI-SS0C84DF380,P32246,Q16663,CCR1_HUMAN,CCL15_HUMAN,curated,uniprot
CPI-SS0C875BA24,O43921,P29320,EFNA2_HUMAN,EPHA3_HUMAN,curated,PMID: 15114347
CPI-SS0C9696AAA,O95727,Q9BY67,CRTAM_HUMAN,CADM1_HUMAN,curated,uniprot
CPI-SS0C98C08DA,P41597,Q99616,CCR2_HUMAN,CCL13_HUMAN,curated,PMID: 24218476
CPI-SS0CBA3DA0D,P51677,P80098,CCR3_HUMAN,CCL7_HUMAN,curated,PMID: 24218476
CPI-SS0CBAA9BCC,HLAA,P43629,HLAA,KI3L1_HUMAN,curated,uniprot
CPI-SS0CBC7840D,P08575,P20273,PTPRC_HUMAN,CD22_HUMAN,curated,https://www.ncbi.nlm.nih.gov/pubmed/12115612/
CPI-SS0CC5DCE80,P12830,Q96E93,CADH1_HUMAN,KLRG1_HUMAN,curated,https://www.ncbi.nlm.nih.gov/pmc/articles/PMC3030123/
CPI-SS0CC738ABC,O14625,P27487,CXL11_HUMAN,DPP4_HUMAN,curated,PMID: 24218476
CPI-SS0CCCF7C69,O43157,Q92854,PLXB1_HUMAN,SEM4D_HUMAN,curated,PMID: 22325954
CPI-SS0CCD89E02,O15444,Q9NPB9,CCL25_HUMAN,ACKR4_HUMAN,curated,PMID: 24218476
CPI-SS0CCDBBBC0,P13688,P31997,CEAM1_HUMAN,CEAM8_HUMAN,curated,https://www.ncbi.nlm.nih.gov/pubmed/24743304
CPI-SS0CDAC688B,P19875,P27487,CXCL2_HUMAN,DPP4_HUMAN,curated,PMID: 24218476
CPI-SS0CF0E4DE9,P13500,P41597,CCL2_HUMAN,CCR2_HUMAN,curated,PMID: 24218476
CPI-SS0D00AAD2F,Q13591,Q9ULL4,SEM5A_HUMAN,PLXB3_HUMAN,curated,uniprot
CPI-SS0D1D95883,P13236,P51681,CCL4_HUMAN,CCR5_HUMAN,curated,uniprot
CPI-SS0D22A09AD,O60462,P49763,NRP2_HUMAN,PLGF_HUMAN,curated,uniprot
CPI-SS0D37C7C70,P80370,Q99466,DLK1_HUMAN,NOTC4_HUMAN,curated,PMID: 22353464
CPI-SS0D41C7AF5,P54762,Q15768,EPHB1_HUMAN,EFNB3_HUMAN,curated,PMID: 15114347
CPI-SS0D46E2B45,P10600,Q03167,TGFB3_HUMAN,TGBR3_HUMAN,curated,uniprot
CPI-SS0D4BF6CA3,P26842,P32970,CD27_HUMAN,CD70_HUMAN,curated,activating interaction for NK and T cells. uniprot & PMID: 26697006
CPI-SS0D53B88CC,P27037,P55103,AVR2A_HUMAN,INHBC_HUMAN,curated,PMID: 22710174
CPI-SS0D5DBB634,P52797,Q15375,EFNA3_HUMAN,EPHA7_HUMAN,curated,PMID: 15114347
CPI-SS0D5E30C6C,P56975,Q15303,NRG3_HUMAN,ERBB4_HUMAN,curated,uniprot
CPI-SS0D636A374,P09038,P22607,FGF2_HUMAN,FGFR3_HUMAN,curated,uniprot
CPI-SS0D81C6C1D,P56706,Q9UP38,WNT7B_HUMAN,FZD1_HUMAN,curated,PMID: 24032637
CPI-SS0D81D9F5E,O43921,P54756,EFNA2_HUMAN,EPHA5_HUMAN,curated,PMID: 15114347
CPI-SS0D883FFF1,O43915,P35916,VEGFD_HUMAN,VGFR3_HUMAN,curated,uniprot
CPI-SS0D954EA1C,P09619,Q9GZP0,PGFRB_HUMAN,PDGFD_HUMAN,curated,uniprot
CPI-SS0DA366C78,P29323,Q15768,EPHB2_HUMAN,EFNB3_HUMAN,curated,PMID: 15114347
CPI-SS0DBA4D668,P27487,P48061,DPP4_HUMAN,SDF1_HUMAN,curated,PMID: 24218476
CPI-SS0DBA81CCF,P17693,Q8N423,HLAG_HUMAN,LIRB2_HUMAN,curated,uniprot
CPI-SS0DBFB8BEA,P13500,Q16570,CCL2_HUMAN,ACKR1_HUMAN,curated,PMID: 24218476
CPI-SS0DC2DD9D7,P40225,P40238,TPO_HUMAN,TPOR_HUMAN,curated,uniprot
CPI-SS0DC4D593E,O15197,P98172,EPHB6_HUMAN,EFNB1_HUMAN,curated,PMID: 15114347
CPI-SS0DC5ADBF1,P04628,Q9UP38,WNT1_HUMAN,FZD1_HUMAN,curated,PMID: 24032637
CPI-SS0DCA69916,O14836,O75888,TR13B_HUMAN,TNF13_HUMAN,curated,uniprot
CPI-SS0DE0A486F,O14786,P15692,NRP1_HUMAN,VEGFA_HUMAN,curated,uniprot
CPI-SS0DF162C10,P29322,P52797,EPHA8_HUMAN,EFNA3_HUMAN,curated,PMID: 15114347
CPI-SS0DFA98A14,P07333,Q6ZMJ4,CSF1R_HUMAN,IL34_HUMAN,curated,uniprot
CPI-SS0DFAF1FE2,P51681,P80075,CCR5_HUMAN,CCL8_HUMAN,curated,PMID: 24218476
CPI-SS0E00478B4,O60462,P15692,NRP2_HUMAN,VEGFA_HUMAN,curated,uniprot
CPI-SS0E063192D,O14511,Q15303,NRG2_HUMAN,ERBB4_HUMAN,curated,uniprot
CPI-SS0E0DEA7D5,P16284,P28907,PECA1_HUMAN,CD38_HUMAN,curated,"https://www.ncbi.nlm.nih.gov/pubmed/9551996,https://www.ncbi.nlm.nih.gov/pubmed/26407101"
CPI-SS0E1A8414D,P80370,Q04721,DLK1_HUMAN,NOTC2_HUMAN,curated,PMID: 22353464
CPI-SS0E23CEB91,O00182,Q8TDQ0,LEG9_HUMAN,HAVR2_HUMAN,curated,Reviewed in PMID: 27192565
CPI-SS0E25CE362,P00533,P01135,EGFR_HUMAN,TGFA_HUMAN,curated,uniprot
CPI-SS0E2863F09,Q02223,Q9Y275,TNR17_HUMAN,TN13B_HUMAN,curated,uniprot
CPI-SS0E292C126,Q12918,Q9UHP7,KLRB1_HUMAN,CLC2D_HUMAN,curated,Induces NK Cell Inhibition. Reviewed in PMID: 24223577
CPI-SS0E32BEF02,P41221,Q13467,WNT5A_HUMAN,FZD5_HUMAN,curated,PMID: 24032637
CPI-SS0E41702C1,P05019,P08069,IGF1_HUMAN,IGF1R_HUMAN,curated,uniprot
CPI-SS0E4B1484B,O75144,Q9Y6W8,ICOSL_HUMAN,ICOS_HUMAN,curated,important for T follicular helper cells (Tfh) and type 2 T helper cell (Th2) responses. Reviewed in PMID: 23954143
CPI-SS0E61DB5DF,P17948,P49763,VGFR1_HUMAN,PLGF_HUMAN,curated,uniprot
CPI-SS0E63AB61E,O43921,P54764,EFNA2_HUMAN,EPHA4_HUMAN,curated,PMID: 15114347
CPI-SS0E7D5974D,P01375,P20333,TNFA_HUMAN,TNR1B_HUMAN,curated,uniprot
CPI-SS0E7EDE823,P51677,P80075,CCR3_HUMAN,CCL8_HUMAN,curated,PMID: 24218476
CPI-SS0E9015902,Q08722,Q9P1W8,CD47_HUMAN,SIRPG_HUMAN,curated,https://www.ncbi.nlm.nih.gov/pubmed/15294972
CPI-SS0E9A581F8,P05362,P20701,ICAM1_HUMAN,ITAL_HUMAN,curated,Reviewed in PMID: 23602662
CPI-SS0E9F84F1F,O75610,P13385,LFTY1_HUMAN,TDGF1_HUMAN,curated,PMID: 22710174
CPI-SS0EA05941A,P13501,P51679,CCL5_HUMAN,CCR4_HUMAN,curated,PMID: 24218476
CPI-SS0EAB03260,P15813,Q8N423,CD1D_HUMAN,LIRB2_HUMAN,curated,https://www.ncbi.nlm.nih.gov/pubmed/19124746/
CPI-SS0EB5AEC83,P14151,P28906,LYAM1_HUMAN,CD34_HUMAN,curated,"https://www.ncbi.nlm.nih.gov/pubmed/7692600,https://www.ncbi.nlm.nih.gov/pubmed/8977216"
CPI-SS0EBA5A4D8,O43915,P35968,VEGFD_HUMAN,VGFR2_HUMAN,curated,uniprot
CPI-SS0EBFE1854,P20827,P54764,EFNA1_HUMAN,EPHA4_HUMAN,curated,PMID: 15114347
CPI-SS0ECD9BB5E,O00585,Q9NPB9,CCL21_HUMAN,ACKR4_HUMAN,curated,PMID: 24218476
CPI-SS0ED2573CA,O14788,Q9Y6Q6,TNF11_HUMAN,TNR11_HUMAN,curated,uniprot
CPI-SS0EDD062F7,P51677,Q99616,CCR3_HUMAN,CCL13_HUMAN,curated,PMID: 24218476
CPI-SS0EDD4928A,P01138,P08138,NGF_HUMAN,TNR16_HUMAN,curated,uniprot
CPI-SS0EF1A7415,P51679,Q92583,CCR4_HUMAN,CCL17_HUMAN,curated,PMID: 24218476
CPI-SS0F0D7F25C,P35070,Q15303,BTC_HUMAN,ERBB4_HUMAN,curated,uniprot
CPI-SS0F15C1AB3,O60462,Q13275,NRP2_HUMAN,SEM3F_HUMAN,curated,uniprot
CPI-SS0F1A060D4,P15151,Q9NQS3,PVR_HUMAN,PVRL3_HUMAN,curated,"https://www.ncbi.nlm.nih.gov/pubmed/19011627,https://www.ncbi.nlm.nih.gov/pubmed/12740392/"
CPI-SS0F21D6CA0,P54760,P98172,EPHB4_HUMAN,EFNB1_HUMAN,curated,PMID: 15114347
CPI-SS0F26BB901,P09544,Q9NPG1,WNT2_HUMAN,FZD3_HUMAN,curated,PMID: 24032637
CPI-SS0F33890C0,P51671,P51677,CCL11_HUMAN,CCR3_HUMAN,curated,PMID: 24218476
CPI-SS0F3A089DE,O15041,Q9Y4D7,SEM3E_HUMAN,PLXD1_HUMAN,curated,PMID: 22325954
CPI-SS0F4D30D5A,P00533,P01133,EGFR_HUMAN,EGF_HUMAN,curated,uniprot
CPI-SS0F52745F3,P27487,Q07325,DPP4_HUMAN,CXCL9_HUMAN,curated,PMID: 24218476
CPI-SS0F562FEA5,P19875,P25025,CXCL2_HUMAN,CXCR2_HUMAN,curated,PMID: 24218476
CPI-SS0F5B6B186,Q15116,Q9BQ51,PDCD1_HUMAN,PD1L2_HUMAN,curated,antigen-stimulated T cells become anergic. PMID: 23954143
CPI-SS0F6B529A1,P13501,P51677,CCL5_HUMAN,CCR3_HUMAN,curated,PMID: 24218476
CPI-SS0F81DBF22,P52798,Q15375,EFNA4_HUMAN,EPHA7_HUMAN,curated,PMID: 15114347
CPI-SS0F8C2FA91,P32246,P80075,CCR1_HUMAN,CCL8_HUMAN,curated,PMID: 24218476
CPI-SS0F94547B2,O14931,Q68D85,NCTR3_HUMAN,NR3L1_HUMAN,curated,activating interaction from uniprot
CPI-SS0F972435E,P35916,P49767,VGFR3_HUMAN,VEGFC_HUMAN,curated,uniprot
CPI-SS0F9D53834,Q9BX67,Q9BX67,JAM3_HUMAN,JAM3_HUMAN,curated,https://www.ncbi.nlm.nih.gov/pubmed/16118203
CPI-SS0FA326344,O60353,P56705,FZD6_HUMAN,WNT4_HUMAN,curated,PMID: 24032637
CPI-SS0FA7A69D9,P51677,Q16627,CCR3_HUMAN,CCL14_HUMAN,curated,PMID: 24218476
CPI-SS0FAF4BB9E,P27487,P51671,DPP4_HUMAN,CCL11_HUMAN,curated,PMID: 24218476
CPI-SS0FB5FE587,O00548,Q99466,DLL1_HUMAN,NOTC4_HUMAN,curated,PMID: 22353464
CPI-SS0FC01B947,P52803,P54764,EFNA5_HUMAN,EPHA4_HUMAN,curated,PMID: 15114347
CPI-SS0FC42EC80,O14944,Q15303,EREG_HUMAN,ERBB4_HUMAN,curated,uniprot
CPI-SS0FDAB7BA8,P02778,P27487,CXL10_HUMAN,DPP4_HUMAN,curated,PMID: 24218476
CPI-SS0FEEB187C,P01127,P16234,PDGFB_HUMAN,PGFRA_HUMAN,curated,uniprot
CPI-SS0FF49C823,P20827,P21709,EFNA1_HUMAN,EPHA1_HUMAN,curated,PMID: 15114347
CPI-SS0FF51A757,Q9UNG2,Q9Y5U5,TNF18_HUMAN,TNR18_HUMAN,curated,uniprot
CPI-SS0FF55B42C,P54753,P98172,EPHB3_HUMAN,EFNB1_HUMAN,curated,PMID: 15114347
CPI-SS0FF6CFDCA,P0DMS8,P49961,AA3R_HUMAN,ENTP1_HUMAN,curated,uniprot